epoch,time,train/box_loss,train/pose_loss,train/kobj_loss,train/cls_loss,train/dfl_loss,metrics/precision(B),metrics/recall(B),metrics/mAP50(B),metrics/mAP50-95(B),metrics/precision(P),metrics/recall(P),metrics/mAP50(P),metrics/mAP50-95(P),val/box_loss,val/pose_loss,val/kobj_loss,val/cls_loss,val/dfl_loss,lr/pg0,lr/pg1,lr/pg2
1,22.6628,1.54313,11.7334,0.7061,2.71679,2.20829,0.08036,0.26471,0.06337,0.04888,0,0,0,0,2.69506,11.975,0.69041,52.4074,3.88703,0.0003,0.0003,0.0003
2,47.3616,0.64989,11.4781,0.68111,0.65535,1.38713,0.1,0.20588,0.03185,0.00967,0,0,0,0,nan,nan,nan,nan,nan,0.000618772,0.000618772,0.000618772
3,74.8554,0.79588,11.1711,0.63739,0.70696,1.56092,0,0,0,0,0,0,0,0,nan,nan,nan,nan,nan,0.000936278,0.000936278,0.000936278
4,97.5738,0.86869,10.9802,0.61421,0.70195,1.58708,0,0,0,0,0,0,0,0,nan,nan,nan,nan,nan,0.00125252,0.00125252,0.00125252
5,119.687,0.86107,10.8024,0.59673,0.64009,1.67416,0,0,0,0,0,0,0,0,nan,nan,nan,nan,nan,0.00156749,0.00156749,0.00156749
6,142.511,0.75911,10.483,0.59476,0.64288,1.5514,0,0,0,0,0,0,0,0,nan,12,1398.88,nan,nan,0.00188119,0.00188119,0.00188119
7,165.755,0.77634,10.4392,0.59347,0.59697,1.56081,0,0,0,0,0,0,0,0,nan,nan,nan,nan,nan,0.00197624,0.00197624,0.00197624
8,188.777,0.70962,10.1439,0.58894,0.59469,1.49256,0,0,0,0,0,0,0,0,3.87065,11.5688,0.86592,1204.99,115.729,0.00197228,0.00197228,0.00197228
9,211.77,0.6375,9.89316,0.58794,0.53356,1.38712,0.175,0.20588,0.1078,0.01626,0,0,0,0,nan,nan,nan,nan,nan,0.00196832,0.00196832,0.00196832
10,237.212,0.54884,9.60315,0.58422,0.45804,1.29442,0.03282,0.5,0.0259,0.00791,0,0,0,0,3.54179,11.7542,7.41098,inf,88.8089,0.00196436,0.00196436,0.00196436
11,261.46,0.5844,9.41511,0.58378,0.46456,1.32837,0.15323,0.55882,0.22504,0.07471,0,0,0,0,2.84766,11.3838,0.50484,3.4664,4.23518,0.0019604,0.0019604,0.0019604
12,292.749,0.55513,9.40704,0.58053,0.50299,1.30658,0.48566,0.64706,0.49915,0.36049,0,0,0,0,1.49899,10.9977,0.48548,1.42132,2.61541,0.00195644,0.00195644,0.00195644
13,321.491,0.46893,8.92595,0.57427,0.43667,1.22012,0.99107,0.97059,0.97576,0.92013,0,0,0,0,0.49623,11.7781,0.50518,0.9443,0.97649,0.00195248,0.00195248,0.00195248
14,346.983,0.46627,8.68289,0.57189,0.40465,1.20436,1,0.96638,0.97705,0.85732,0,0,0,0,0.65108,11.7383,0.52209,0.86793,1.19459,0.00194852,0.00194852,0.00194852
15,375.118,0.45633,8.58828,0.55553,0.42709,1.20356,1,0.90961,0.97382,0.82184,0,0,0,0,0.60308,11.843,0.55334,0.66652,1.16008,0.00194456,0.00194456,0.00194456
16,398.416,0.47689,8.43486,0.5527,0.39597,1.24766,0.65028,0.88235,0.89154,0.72134,0,0,0,0,0.71374,11.5956,0.47674,1.30185,1.30577,0.0019406,0.0019406,0.0019406
17,426.247,0.4688,7.87695,0.53566,0.39843,1.20272,0.98947,0.97059,0.98917,0.85305,0,0,0,0,0.57282,10.6067,0.4376,0.55972,0.95038,0.00193664,0.00193664,0.00193664
18,450.031,0.43079,7.93208,0.52967,0.39273,1.19269,0.98945,0.97059,0.99338,0.8672,0,0,0,0,0.46816,10.9459,0.39589,0.63563,0.803,0.00193268,0.00193268,0.00193268
19,473.516,0.47331,7.63874,0.51014,0.3812,1.18651,0.9096,0.97059,0.97572,0.87058,0.00725,0.02941,0.00373,0.00075,0.55564,10.738,0.38947,1.22247,0.90202,0.00192872,0.00192872,0.00192872
20,497.119,0.44956,7.69466,0.49752,0.36864,1.18334,0.9698,0.97059,0.97812,0.85852,0.02974,0.02941,0.00546,0.00055,0.61603,10.1609,0.36096,0.50673,1.01169,0.00192476,0.00192476,0.00192476
21,522.288,0.42598,7.82299,0.48065,0.37679,1.19118,0.16367,0.97059,0.16382,0.13847,0.00535,0.02941,0.00165,0.00025,0.52362,8.48392,0.35923,11.7362,0.91165,0.0019208,0.0019208,0.0019208
22,550.853,0.35299,7.43422,0.46061,0.34424,1.11542,0.83075,0.86637,0.92719,0.69247,0,0,0,0,0.92881,10.6416,0.41916,2.67265,1.69774,0.00191684,0.00191684,0.00191684
23,574.373,0.43628,7.43052,0.46285,0.35724,1.18255,0.60282,0.88235,0.60707,0.4227,0.02639,0.02941,0.0041,0.00093,0.73149,8.71168,0.37327,1.42402,1.34069,0.00191288,0.00191288,0.00191288
24,606.218,0.41343,7.63052,0.4632,0.36341,1.16414,0.83807,0.97059,0.85346,0.65001,0.12118,0.14706,0.03183,0.00524,0.72492,7.64522,0.37925,0.96263,1.13953,0.00190892,0.00190892,0.00190892
25,629.638,0.40116,7.46793,0.43188,0.34257,1.12768,0.98805,0.97059,0.97578,0.86643,0.03028,0.02941,0.00363,0.00036,0.71716,7.26814,0.32105,0.52352,1.22958,0.00190496,0.00190496,0.00190496
26,653.162,0.38943,6.997,0.4221,0.33784,1.13782,0.99643,0.97059,0.97615,0.86545,0.03558,0.02941,0.02667,0.008,0.73263,8.53905,0.33273,0.51157,1.3003,0.001901,0.001901,0.001901
27,682.477,0.39137,6.9357,0.42381,0.33593,1.12522,0.93425,0.88235,0.92722,0.68296,0.11349,0.08824,0.02328,0.00699,1.07065,8.75772,0.36637,0.79809,2.12607,0.00189704,0.00189704,0.00189704
28,706.084,0.33499,6.64569,0.38474,0.30824,1.10349,0.91612,0.97059,0.97538,0.92278,0.0715,0.05882,0.01545,0.00155,0.45681,7.22125,0.28469,0.48846,0.79356,0.00189308,0.00189308,0.00189308
29,735.819,0.34067,6.39657,0.35353,0.29487,1.10393,0.93518,1,0.97253,0.89742,0.11249,0.11765,0.04694,0.0078,0.48274,8.67986,0.25917,0.41804,0.82069,0.00188912,0.00188912,0.00188912
30,759.399,0.32016,6.13299,0.36038,0.28231,1.08178,0.98507,0.97059,0.99443,0.92886,0.06162,0.05882,0.02615,0.00784,0.43644,5.9005,0.25061,0.32091,0.75229,0.00188516,0.00188516,0.00188516
31,787.059,0.36348,6.15156,0.33622,0.30487,1.1168,0.9416,1,0.99389,0.92739,0.2049,0.20588,0.08747,0.0165,0.41355,6.34513,0.2211,0.36135,0.70688,0.0018812,0.0018812,0.0018812
32,816.081,0.35046,5.93906,0.31546,0.30908,1.07464,0.93952,0.97059,0.98541,0.81427,0.1411,0.14706,0.04233,0.00954,0.70392,7.01335,0.28237,0.47894,1.13682,0.00187724,0.00187724,0.00187724
33,841.849,0.33988,5.87491,0.30421,0.31019,1.08264,0.98369,0.97059,0.99289,0.81465,0.17347,0.23529,0.09879,0.02326,0.64613,6.45981,0.31894,0.43335,1.09541,0.00187328,0.00187328,0.00187328
34,865.82,0.3094,5.79883,0.29093,0.28669,1.07952,0.99809,0.97059,0.99443,0.93304,0.18882,0.17647,0.08944,0.02277,0.52907,5.34512,0.22477,0.35811,0.91739,0.00186932,0.00186932,0.00186932
35,899.3,0.32351,5.29509,0.28429,0.27755,1.07839,0.98723,0.97059,0.99389,0.81964,0.42354,0.41176,0.3312,0.08383,0.60929,4.46652,0.25335,0.42203,1.00241,0.00186536,0.00186536,0.00186536
36,923.832,0.36392,5.4339,0.26601,0.30325,1.08257,0.98937,1,0.995,0.91614,0.529,0.52941,0.35858,0.06928,0.43352,5.34102,0.2401,0.38167,0.78647,0.0018614,0.0018614,0.0018614
37,952.372,0.34717,5.43576,0.26799,0.29196,1.08388,0.99284,1,0.995,0.91878,0.6437,0.64706,0.52399,0.16064,0.40447,5.12325,0.21073,0.29921,0.76587,0.00185744,0.00185744,0.00185744
38,983.146,0.34902,5.53201,0.26965,0.30552,1.08918,0.97284,1,0.995,0.94542,0.45812,0.47059,0.31392,0.09399,0.41364,5.9075,0.22142,0.32743,0.7553,0.00185348,0.00185348,0.00185348
39,1007.24,0.31615,5.45564,0.24395,0.2751,1.06848,0.99287,1,0.995,0.93027,0.32707,0.38235,0.18162,0.0389,0.42641,5.54624,0.19882,0.32119,0.73691,0.00184952,0.00184952,0.00184952
40,1034.88,0.29687,5.16559,0.24985,0.26697,1.04565,0.99571,1,0.995,0.93914,0.81992,0.82353,0.71049,0.16268,0.39313,3.71006,0.19566,0.32289,0.67097,0.00184556,0.00184556,0.00184556
41,1068.65,0.32627,5.34262,0.25117,0.27514,1.06824,0.99833,1,0.995,0.93821,0.41106,0.41176,0.3605,0.09559,0.44567,4.03756,0.18818,0.2856,0.75994,0.0018416,0.0018416,0.0018416
42,1092.98,0.30567,4.70309,0.22777,0.27299,1.068,0.99802,1,0.995,0.93864,0.55798,0.55882,0.44022,0.11427,0.38401,4.27918,0.17252,0.36947,0.71757,0.00183764,0.00183764,0.00183764
43,1119.79,0.28419,4.71525,0.22703,0.26553,1.0382,0.99799,1,0.995,0.94795,0.46962,0.47059,0.33804,0.10096,0.38832,4.04558,0.17032,0.23449,0.68713,0.00183368,0.00183368,0.00183368
44,1147.22,0.28549,4.48766,0.22013,0.26132,1.02935,0.99839,1,0.995,0.96044,0.61661,0.61765,0.45256,0.10185,0.38283,5.10959,0.17996,0.32604,0.66718,0.00182972,0.00182972,0.00182972
45,1173.96,0.2977,4.77567,0.22717,0.27124,1.04619,0.99834,1,0.995,0.96078,0.64594,0.64706,0.49514,0.12773,0.40994,3.47106,0.17721,0.2698,0.72643,0.00182576,0.00182576,0.00182576
46,1198.21,0.31622,4.69803,0.21742,0.26683,1.07416,0.99768,1,0.995,0.91555,0.58766,0.58824,0.49949,0.15253,0.41451,3.86699,0.20594,0.26902,0.70882,0.0018218,0.0018218,0.0018218
47,1222.06,0.2829,4.51571,0.2156,0.2478,1.03192,0.95245,1,0.995,0.9588,0.58179,0.61765,0.48239,0.1149,0.39585,4.40713,0.20576,0.31353,0.67411,0.00181784,0.00181784,0.00181784
48,1245.96,0.29071,4.63943,0.22548,0.24898,1.02604,0.99754,1,0.995,0.92458,0.61695,0.61765,0.51514,0.17475,0.51929,4.19692,0.21288,0.34418,0.88049,0.00181388,0.00181388,0.00181388
49,1274.25,0.26425,4.42918,0.21646,0.24975,0.99737,0.97126,1,0.995,0.94504,0.54817,0.55882,0.41471,0.12005,0.4314,3.94257,0.17711,0.28793,0.74588,0.00180992,0.00180992,0.00180992
50,1298.21,0.28488,4.1944,0.2069,0.24686,1.04728,0.99767,1,0.995,0.9405,0.56965,0.55882,0.4251,0.09957,0.62717,4.55597,0.17264,0.31145,0.99933,0.00180596,0.00180596,0.00180596
51,1322.33,0.3145,4.83827,0.22634,0.27522,1.0778,0.99813,1,0.995,0.96881,0.20752,0.20588,0.10477,0.0348,0.34655,6.20292,0.17905,0.34448,0.63668,0.001802,0.001802,0.001802
52,1347.88,0.27461,4.3238,0.19964,0.26832,1.03631,0.99613,1,0.995,0.93699,0.52727,0.52941,0.40287,0.0861,0.36611,4.46318,0.18068,0.30544,0.6749,0.00179804,0.00179804,0.00179804
53,1371.59,0.28554,4.09979,0.20795,0.27249,1.02272,0.9946,1,0.995,0.95139,0.84811,0.85294,0.79066,0.26103,0.39142,3.64766,0.18488,0.30832,0.68313,0.00179408,0.00179408,0.00179408
54,1398.22,0.26936,4.33991,0.19729,0.24977,1.01583,0.9984,1,0.995,0.94046,0.82221,0.82353,0.75014,0.25226,0.38768,3.68172,0.17639,0.30766,0.69726,0.00179012,0.00179012,0.00179012
55,1423.68,0.28877,3.82821,0.21048,0.26271,1.02965,0.99734,1,0.995,0.92312,0.7919,0.79412,0.71101,0.18542,0.42112,3.14477,0.16543,0.30793,0.76896,0.00178616,0.00178616,0.00178616
56,1447.42,0.26739,3.92511,0.19597,0.23285,1.05506,0.99833,1,0.995,0.96368,0.7634,0.76471,0.67922,0.19009,0.3478,2.98681,0.15939,0.26883,0.65119,0.0017822,0.0017822,0.0017822
57,1471.32,0.29985,4.11878,0.20714,0.26604,1.01736,0.9984,1,0.995,0.96456,0.793,0.79412,0.77761,0.2233,0.31546,3.56742,0.16468,0.30784,0.63384,0.00177824,0.00177824,0.00177824
58,1494.92,0.26815,3.83269,0.19574,0.25682,1.0088,0.99839,1,0.995,0.94883,0.8222,0.82353,0.70938,0.22187,0.39485,3.09725,0.1551,0.30299,0.6999,0.00177428,0.00177428,0.00177428
59,1518.58,0.27466,4.04726,0.19676,0.24879,0.99312,0.9984,1,0.995,0.94169,0.23521,0.23529,0.13231,0.02848,0.4089,4.56847,0.16301,0.28721,0.6711,0.00177032,0.00177032,0.00177032
60,1543.05,0.26768,4.00854,0.18653,0.24407,1.00704,0.99826,1,0.995,0.96237,0.76332,0.76471,0.61851,0.19662,0.37183,3.24116,0.15886,0.25821,0.6593,0.00176636,0.00176636,0.00176636
61,1567.12,0.27366,3.87791,0.18638,0.251,1.00905,0.99836,1,0.995,0.94879,0.82215,0.82353,0.72807,0.16362,0.39277,3.31185,0.16236,0.2828,0.66263,0.0017624,0.0017624,0.0017624
62,1591.37,0.26491,3.5277,0.20013,0.24569,1.02593,0.99817,1,0.995,0.96791,0.61742,0.61765,0.56158,0.1913,0.35735,3.02237,0.17061,0.24608,0.63692,0.00175844,0.00175844,0.00175844
63,1615.28,0.25421,3.42109,0.1826,0.24616,0.99871,0.99788,1,0.995,0.95956,0.70485,0.70588,0.61646,0.17513,0.33199,3.72801,0.17648,0.32488,0.64089,0.00175448,0.00175448,0.00175448
64,1640.84,0.24713,3.78205,0.18416,0.2436,1.01085,0.99793,1,0.995,0.96116,0.76291,0.76471,0.69913,0.19916,0.35324,3.54611,0.17536,0.24285,0.6441,0.00175052,0.00175052,0.00175052
65,1664.55,0.26245,3.50477,0.18191,0.24661,1.01261,0.9984,1,0.995,0.94471,0.88155,0.88235,0.84787,0.29041,0.40463,3.31008,0.16605,0.31175,0.68602,0.00174656,0.00174656,0.00174656
66,1693.86,0.26017,3.43856,0.18276,0.24081,0.99498,0.99822,1,0.995,0.96777,0.82204,0.82353,0.80912,0.2817,0.32394,3.15515,0.15706,0.32041,0.60414,0.0017426,0.0017426,0.0017426
67,1726.82,0.26566,3.28497,0.18222,0.2507,0.99566,0.97067,1,0.995,0.93301,0.94205,0.97059,0.96154,0.42126,0.38472,2.43656,0.15002,0.23665,0.67375,0.00173864,0.00173864,0.00173864
68,1755.6,0.25452,2.99964,0.18456,0.22969,1.0017,0.99832,1,0.995,0.94286,0.96895,0.97059,0.97454,0.40788,0.33939,2.57969,0.15996,0.25209,0.63194,0.00173468,0.00173468,0.00173468
69,1779.71,0.25677,3.16411,0.18436,0.23078,1.00635,0.99839,1,0.995,0.95904,0.969,0.97059,0.95542,0.31907,0.3245,3.31969,0.14549,0.24357,0.63613,0.00173072,0.00173072,0.00173072
70,1807.08,0.2406,3.30225,0.18304,0.22808,1.00503,0.99845,1,0.995,0.97895,0.44046,0.44118,0.33046,0.1162,0.29506,2.89034,0.15441,0.2656,0.59559,0.00172676,0.00172676,0.00172676
71,1836.08,0.25525,3.5918,0.18395,0.223,1.00339,0.99837,1,0.995,0.96935,0.91028,0.91176,0.8827,0.31908,0.37953,2.80528,0.15061,0.29051,0.68998,0.0017228,0.0017228,0.0017228
72,1860.3,0.21187,3.43364,0.1784,0.21944,0.97573,0.99844,1,0.995,0.9651,0.91034,0.91176,0.86755,0.37091,0.35427,2.54274,0.14465,0.28778,0.64877,0.00171884,0.00171884,0.00171884
73,1884.1,0.2628,2.89858,0.1687,0.23492,1.01587,0.99844,1,0.995,0.97558,0.76349,0.76471,0.65484,0.19602,0.34456,3.28161,0.14013,0.24416,0.64691,0.00171488,0.00171488,0.00171488
74,1911.91,0.26468,3.14486,0.18066,0.23086,0.998,0.99845,1,0.995,0.97208,0.94107,0.94118,0.95019,0.39986,0.34928,1.91659,0.14999,0.24847,0.63362,0.00171092,0.00171092,0.00171092
75,1941.87,0.2546,2.99053,0.18292,0.23116,0.97865,0.99813,1,0.995,0.95702,0.99813,1,0.995,0.4121,0.37574,2.32043,0.15163,0.25588,0.64999,0.00170696,0.00170696,0.00170696
76,1967.98,0.22617,3.074,0.17874,0.22751,0.98814,0.99811,1,0.995,0.96942,0.99811,1,0.995,0.39531,0.39256,2.40069,0.15679,0.29785,0.68398,0.001703,0.001703,0.001703
77,1991.97,0.22737,2.81988,0.17293,0.21847,0.98998,0.99808,1,0.995,0.96038,0.88062,0.88235,0.831,0.34953,0.3432,3.84964,0.19386,0.25648,0.63898,0.00169904,0.00169904,0.00169904
78,2017.47,0.23856,2.76273,0.17618,0.22391,0.9812,0.99845,1,0.995,0.95756,0.99845,1,0.995,0.4521,0.36345,2.7292,0.1496,0.28972,0.63782,0.00169508,0.00169508,0.00169508
79,2050.48,0.23871,2.98205,0.18014,0.22425,0.9799,0.99819,1,0.995,0.9653,0.82179,0.82353,0.75436,0.27945,0.39749,3.39466,0.17165,0.27527,0.69881,0.00169112,0.00169112,0.00169112
80,2074.57,0.25739,2.94604,0.173,0.23131,0.99764,0.99851,1,0.995,0.92412,0.96914,0.97059,0.95559,0.50651,0.42068,2.23485,0.16455,0.35989,0.72021,0.00168716,0.00168716,0.00168716
81,2102.6,0.23924,2.8051,0.17683,0.23126,1.00439,0.99847,1,0.995,0.94133,0.88098,0.88235,0.82552,0.23723,0.37029,3.28045,0.15089,0.34251,0.6676,0.0016832,0.0016832,0.0016832
82,2129.49,0.24633,3.05584,0.17827,0.23891,0.981,0.99822,1,0.995,0.96092,0.91011,0.91176,0.87419,0.3434,0.40411,2.46773,0.15142,0.30415,0.73315,0.00167924,0.00167924,0.00167924
83,2153.68,0.2728,2.83857,0.17811,0.24351,1.01902,0.99847,1,0.995,0.94876,0.96911,0.97059,0.97951,0.51748,0.39662,2.0411,0.14968,0.25996,0.71437,0.00167528,0.00167528,0.00167528
84,2182.02,0.24082,2.79911,0.17399,0.23403,0.96837,0.99816,1,0.995,0.95008,0.79406,0.79412,0.7701,0.29624,0.4152,2.7271,0.16534,0.29885,0.70065,0.00167132,0.00167132,0.00167132
85,2208.1,0.22218,2.99987,0.17861,0.2156,0.99638,0.99847,1,0.995,0.9772,0.99847,1,0.995,0.54407,0.39646,2.08807,0.14206,0.31238,0.68316,0.00166736,0.00166736,0.00166736
86,2237.9,0.22957,2.46342,0.17497,0.22026,0.96167,0.99844,1,0.995,0.95518,0.99844,1,0.995,0.54951,0.36733,2.22327,0.15113,0.29547,0.66062,0.0016634,0.0016634,0.0016634
87,2263.49,0.21422,2.51656,0.16958,0.20851,0.96263,0.99819,1,0.995,0.95966,0.91008,0.91176,0.87505,0.31308,0.34486,2.76258,0.15238,0.23747,0.63311,0.00165944,0.00165944,0.00165944
88,2288.07,0.24694,2.86244,0.16853,0.21782,1.01215,0.99806,1,0.995,0.97424,0.93931,0.94118,0.94474,0.41641,0.34563,1.98385,0.15368,0.28198,0.62352,0.00165548,0.00165548,0.00165548
89,2311.98,0.2238,2.42884,0.17224,0.21566,0.96789,0.99739,1,0.995,0.96038,0.90939,0.91176,0.84887,0.39536,0.26755,1.66903,0.14161,0.25612,0.57429,0.00165152,0.00165152,0.00165152
90,2337.37,0.23434,2.6905,0.17566,0.22613,0.96944,0.99791,1,0.995,0.96361,0.99791,1,0.995,0.50335,0.32335,1.76919,0.13691,0.25118,0.65898,0.00164756,0.00164756,0.00164756
91,2361.04,0.22174,2.50417,0.17488,0.21774,0.98669,0.99818,1,0.995,0.95673,0.99818,1,0.995,0.53317,0.36716,1.42967,0.13739,0.25886,0.66715,0.0016436,0.0016436,0.0016436
92,2387.72,0.23224,2.48303,0.16605,0.20881,0.97898,0.99829,1,0.995,0.97207,0.93956,0.94118,0.92059,0.37592,0.32857,2.17509,0.14211,0.2305,0.63106,0.00163964,0.00163964,0.00163964
93,2411.67,0.232,2.60012,0.17488,0.21372,0.9552,0.98155,1,0.995,0.96629,0.7487,0.76471,0.65823,0.24888,0.3181,3.04183,0.1389,0.24784,0.61497,0.00163568,0.00163568,0.00163568
94,2435.51,0.23679,2.59555,0.17106,0.21266,0.99706,0.97126,1,0.995,0.971,0.72456,0.73529,0.67185,0.24541,0.36487,2.32057,0.14051,0.26043,0.62529,0.00163172,0.00163172,0.00163172
95,2459.44,0.22622,2.54295,0.17243,0.21384,0.98055,0.99775,1,0.995,0.9791,0.99775,1,0.995,0.52099,0.34087,1.70784,0.13851,0.2663,0.65843,0.00162776,0.00162776,0.00162776
96,2484.85,0.22416,2.42713,0.16287,0.21764,0.97249,0.99846,1,0.995,0.9645,0.91036,0.91176,0.88987,0.44359,0.3711,1.97225,0.14394,0.25154,0.64746,0.0016238,0.0016238,0.0016238
97,2508.42,0.24441,2.82268,0.17131,0.21889,0.96654,0.99839,1,0.995,0.96614,0.99839,1,0.995,0.59571,0.36996,1.65266,0.145,0.30786,0.65282,0.00161984,0.00161984,0.00161984
98,2540.36,0.256,2.67617,0.16747,0.22945,0.9907,0.99855,1,0.995,0.94317,0.96918,0.97059,0.95948,0.53456,0.35325,2.758,0.16085,0.33658,0.64051,0.00161588,0.00161588,0.00161588
99,2564.54,0.21784,2.49057,0.17078,0.21397,0.97736,0.99845,1,0.995,0.95849,0.96908,0.97059,0.9538,0.52963,0.33286,1.5925,0.1336,0.26774,0.64068,0.00161192,0.00161192,0.00161192
100,2588.53,0.24338,2.301,0.16527,0.2221,0.97082,0.99842,1,0.995,0.9124,0.99842,1,0.995,0.54204,0.45403,1.47843,0.13566,0.2841,0.75587,0.00160796,0.00160796,0.00160796
101,2616.04,0.24727,2.10231,0.17252,0.21174,0.98953,0.99843,1,0.995,0.96707,0.99843,1,0.995,0.43257,0.37495,1.78397,0.13708,0.2858,0.68585,0.001604,0.001604,0.001604
102,2645.02,0.24897,2.16637,0.15925,0.21802,1.01075,1,1,0.995,0.95302,1,1,0.995,0.58971,0.36556,1.49418,0.14194,0.31404,0.6837,0.00160004,0.00160004,0.00160004
103,2668.91,0.24921,2.2146,0.16612,0.21941,0.97502,0.99848,1,0.995,0.96512,0.99848,1,0.995,0.62507,0.40666,1.78602,0.14255,0.27083,0.71071,0.00159608,0.00159608,0.00159608
104,2696.56,0.23336,2.04539,0.1589,0.21196,0.97909,0.99851,1,0.995,0.97292,0.99851,1,0.995,0.55433,0.3041,1.76244,0.13049,0.24123,0.60139,0.00159212,0.00159212,0.00159212
105,2722.78,0.2206,2.08799,0.16447,0.20937,0.98051,0.99851,1,0.995,0.97351,0.99851,1,0.995,0.66969,0.32112,1.43415,0.1339,0.27182,0.62147,0.00158816,0.00158816,0.00158816
106,2751.63,0.22589,1.98546,0.15886,0.21969,0.971,0.99831,1,0.995,0.95477,0.99831,1,0.995,0.48041,0.33687,1.73439,0.13605,0.25943,0.65837,0.0015842,0.0015842,0.0015842
107,2776.57,0.23549,2.03852,0.16775,0.2131,0.97006,0.99843,1,0.995,0.96961,0.99843,1,0.995,0.67681,0.35882,1.11168,0.13572,0.27919,0.64866,0.00158024,0.00158024,0.00158024
108,2805.2,0.21651,2.02948,0.15707,0.21113,0.95217,0.99846,1,0.995,0.97955,0.99846,1,0.995,0.65761,0.30496,1.39519,0.13643,0.29307,0.58815,0.00157628,0.00157628,0.00157628
109,2837.01,0.21738,2.02435,0.16065,0.21388,0.97059,0.99846,1,0.995,0.97179,0.91101,0.91176,0.89708,0.37801,0.32464,2.53692,0.1362,0.25116,0.60482,0.00157232,0.00157232,0.00157232
110,2860.63,0.21393,1.93274,0.16195,0.22256,0.98696,0.99842,1,0.995,0.97873,0.93969,0.94118,0.90641,0.47543,0.31464,1.91696,0.12531,0.25478,0.61533,0.00156836,0.00156836,0.00156836
111,2884.27,0.21463,1.87745,0.15139,0.21876,0.97037,0.99837,1,0.995,0.98139,0.969,0.97059,0.97506,0.54667,0.34838,1.49313,0.1283,0.23,0.64712,0.0015644,0.0015644,0.0015644
112,2908.45,0.21145,1.86575,0.15865,0.21563,0.95305,0.99828,1,0.995,0.97274,0.99828,1,0.995,0.62548,0.34209,1.83367,0.12699,0.25044,0.63645,0.00156044,0.00156044,0.00156044
113,2932.29,0.2174,1.9493,0.15801,0.2091,0.97207,0.99851,1,0.995,0.98567,0.99851,1,0.995,0.62382,0.36823,1.29013,0.12976,0.265,0.64405,0.00155648,0.00155648,0.00155648
114,2956.27,0.21232,1.90013,0.16163,0.2037,0.96449,0.9985,1,0.995,0.98663,0.9985,1,0.995,0.63818,0.33999,1.16259,0.13049,0.24457,0.61243,0.00155252,0.00155252,0.00155252
115,2979.9,0.19516,1.80415,0.16096,0.18568,0.95143,0.99847,1,0.995,0.97718,0.96928,0.97059,0.98386,0.50276,0.33146,2.29769,0.12603,0.24335,0.61596,0.00154856,0.00154856,0.00154856
116,3003.88,0.20181,1.76631,0.15608,0.19687,0.96301,0.99846,1,0.995,0.98785,0.99846,1,0.995,0.61017,0.33772,1.24779,0.13075,0.21087,0.61092,0.0015446,0.0015446,0.0015446
117,3027.83,0.21328,1.71985,0.15803,0.19574,0.96319,0.99844,1,0.995,0.98102,0.93971,0.94118,0.92882,0.40704,0.36189,2.42429,0.12481,0.23766,0.65748,0.00154064,0.00154064,0.00154064
118,3051.53,0.19824,1.83369,0.15777,0.19169,0.93728,0.99846,1,0.995,0.99332,0.99846,1,0.995,0.68558,0.31708,1.93587,0.1181,0.28639,0.60697,0.00153668,0.00153668,0.00153668
119,3081.62,0.20101,1.79873,0.15564,0.18875,0.96898,0.99841,1,0.995,0.98451,0.99841,1,0.995,0.65663,0.36791,1.26112,0.12469,0.28904,0.63718,0.00153272,0.00153272,0.00153272
120,3105.35,0.18267,1.82071,0.1542,0.18264,0.97706,0.99844,1,0.995,0.97835,0.99844,1,0.995,0.70199,0.33891,0.97302,0.13102,0.29411,0.62386,0.00152876,0.00152876,0.00152876
121,3131.14,0.19268,1.67448,0.15562,0.18915,0.9499,0.99844,1,0.995,0.98607,0.99844,1,0.995,0.61107,0.31152,1.32077,0.12836,0.23611,0.55184,0.0015248,0.0015248,0.0015248
122,3154.95,0.21107,1.86342,0.16345,0.20335,0.94976,0.9985,1,0.995,0.97843,0.9985,1,0.995,0.65416,0.32671,1.38363,0.12854,0.24324,0.57636,0.00152084,0.00152084,0.00152084
123,3178.62,0.21326,1.74614,0.15386,0.19993,0.95463,0.99849,1,0.995,0.97052,0.99849,1,0.995,0.6637,0.33395,1.4835,0.1384,0.2398,0.62701,0.00151688,0.00151688,0.00151688
124,3203.92,0.20269,1.85041,0.15178,0.19054,0.95897,0.99845,1,0.995,0.94704,0.99845,1,0.995,0.65467,0.38881,1.65202,0.1433,0.26236,0.66565,0.00151292,0.00151292,0.00151292
125,3227.54,0.19367,1.75755,0.15467,0.20517,0.9505,0.99847,1,0.995,0.9811,0.99847,1,0.995,0.4576,0.34123,2.00514,0.13704,0.28292,0.6346,0.00150896,0.00150896,0.00150896
126,3254.09,0.19679,1.6886,0.15059,0.19138,0.95472,0.99845,1,0.995,0.98629,0.99845,1,0.995,0.64652,0.30275,0.98722,0.12801,0.24947,0.57626,0.001505,0.001505,0.001505
127,3280.64,0.19462,1.66989,0.14243,0.18605,0.96096,1,1,0.995,0.96162,1,1,0.995,0.71833,0.27929,1.07758,0.12824,0.20735,0.55394,0.00150104,0.00150104,0.00150104
128,3305.87,0.19201,1.7978,0.14799,0.18815,0.94778,0.99844,1,0.995,0.97834,0.96907,0.97059,0.96386,0.53749,0.28902,2.00041,0.12199,0.31602,0.5495,0.00149708,0.00149708,0.00149708
129,3329.44,0.22076,1.9478,0.15879,0.21403,0.95824,0.99837,1,0.995,0.97093,0.96901,0.97059,0.96253,0.64257,0.32139,2.11462,0.13231,0.27368,0.60056,0.00149312,0.00149312,0.00149312
130,3353.41,0.20804,1.86552,0.153,0.20773,0.95075,0.99838,1,0.995,0.98392,0.99838,1,0.995,0.69263,0.29071,1.14007,0.12143,0.26995,0.5607,0.00148916,0.00148916,0.00148916
131,3377.09,0.19131,1.61233,0.14304,0.18989,0.94693,0.99847,1,0.995,0.98417,0.99847,1,0.995,0.68361,0.31346,0.97911,0.1283,0.24168,0.58669,0.0014852,0.0014852,0.0014852
132,3402.35,0.19455,1.55407,0.15048,0.19157,0.94058,0.99846,1,0.995,0.96421,0.99846,1,0.995,0.69943,0.34382,1.02501,0.12173,0.29128,0.61439,0.00148124,0.00148124,0.00148124
133,3426.34,0.1998,1.66404,0.14761,0.18995,0.95999,0.99845,1,0.995,0.97449,0.99845,1,0.995,0.63298,0.33169,1.58135,0.11814,0.26601,0.61634,0.00147728,0.00147728,0.00147728
134,3451.88,0.18114,1.67482,0.15377,0.18431,0.93698,0.99865,1,0.995,0.98453,0.91047,0.91176,0.88642,0.34496,0.33223,2.07933,0.12157,0.3102,0.61496,0.00147332,0.00147332,0.00147332
135,3475.68,0.21686,2.03669,0.16229,0.20117,0.95495,0.99845,1,0.995,0.9573,0.96908,0.97059,0.95596,0.59341,0.34339,2.4389,0.12294,0.27114,0.62413,0.00146936,0.00146936,0.00146936
136,3500.83,0.23857,1.62651,0.14677,0.2025,0.99275,0.99847,1,0.995,0.98695,0.99847,1,0.995,0.64455,0.3626,1.53902,0.12531,0.27505,0.62699,0.0014654,0.0014654,0.0014654
137,3524.45,0.20633,1.58227,0.15196,0.19148,0.94603,0.99848,1,0.995,0.9396,0.99848,1,0.995,0.68342,0.37427,1.30501,0.12665,0.24232,0.64871,0.00146144,0.00146144,0.00146144
138,3550.04,0.20916,1.50075,0.14743,0.19496,0.94493,0.99846,1,0.995,0.99396,0.99846,1,0.995,0.73405,0.30187,1.32695,0.12832,0.2711,0.58087,0.00145748,0.00145748,0.00145748
139,3580.7,0.20158,1.63223,0.15275,0.1912,0.93219,0.99844,1,0.995,0.99075,0.99844,1,0.995,0.70419,0.27729,0.92727,0.12356,0.23065,0.56167,0.00145352,0.00145352,0.00145352
140,3604.95,0.19871,1.78822,0.147,0.183,0.96436,0.99848,1,0.995,0.97573,0.99848,1,0.995,0.69033,0.34447,1.49719,0.12674,0.23588,0.60939,0.00144956,0.00144956,0.00144956
141,3628.94,0.20113,1.76083,0.15039,0.18616,0.9542,0.99843,1,0.995,0.97365,0.99843,1,0.995,0.73635,0.34722,1.06138,0.12043,0.24942,0.63355,0.0014456,0.0014456,0.0014456
142,3654.89,0.19073,1.49831,0.15053,0.18082,0.96415,0.99845,1,0.995,0.98552,0.99845,1,0.995,0.71113,0.32892,1.33339,0.12573,0.25416,0.59471,0.00144164,0.00144164,0.00144164
143,3678.69,0.1893,1.43318,0.15685,0.18788,0.94592,0.99845,1,0.995,0.98953,0.99845,1,0.995,0.75569,0.31247,1.2743,0.12198,0.29549,0.5873,0.00143768,0.00143768,0.00143768
144,3706.46,0.18269,1.55022,0.14372,0.17808,0.96282,0.99847,1,0.995,0.97972,0.99847,1,0.995,0.69643,0.32647,1.23629,0.1189,0.24814,0.58253,0.00143372,0.00143372,0.00143372
145,3730.47,0.19962,1.64425,0.14918,0.18659,0.93975,0.9985,1,0.995,0.95825,0.9985,1,0.995,0.78036,0.41151,0.86774,0.12539,0.2601,0.6608,0.00142976,0.00142976,0.00142976
146,3754.91,0.20885,1.55057,0.14577,0.19056,0.95193,0.99847,1,0.995,0.96237,0.99847,1,0.995,0.64288,0.34541,1.4448,0.12056,0.25849,0.64974,0.0014258,0.0014258,0.0014258
147,3779.19,0.21024,1.494,0.14392,0.19737,0.94407,0.99849,1,0.995,0.94648,0.99849,1,0.995,0.77064,0.35975,0.98379,0.11503,0.27168,0.67315,0.00142184,0.00142184,0.00142184
148,3803.48,0.19364,1.49958,0.14473,0.18347,0.94698,0.99839,1,0.995,0.98713,0.99839,1,0.995,0.64629,0.39514,2.26254,0.13006,0.31739,0.68437,0.00141788,0.00141788,0.00141788
149,3828.76,0.19947,1.54578,0.1508,0.18959,0.96696,0.99845,1,0.995,0.97819,0.99845,1,0.995,0.73653,0.37152,0.98383,0.11675,0.28555,0.64124,0.00141392,0.00141392,0.00141392
150,3861.37,0.19803,1.46533,0.15498,0.19404,0.93144,0.99846,1,0.995,0.98438,0.99846,1,0.995,0.76458,0.34453,1.10217,0.12188,0.2848,0.6405,0.00140996,0.00140996,0.00140996
151,3887.29,0.20628,1.71849,0.14123,0.19734,0.97403,0.99847,1,0.995,0.97794,0.99847,1,0.995,0.67778,0.32625,0.98445,0.1161,0.23873,0.60201,0.001406,0.001406,0.001406
152,3911.95,0.1898,1.42438,0.14091,0.1946,0.94869,0.99845,1,0.995,0.96187,0.99845,1,0.995,0.64451,0.32706,1.51934,0.11306,0.2224,0.60391,0.00140204,0.00140204,0.00140204
153,3935.86,0.18066,1.47548,0.15014,0.18395,0.94646,0.99845,1,0.995,0.9518,0.99845,1,0.995,0.77365,0.34395,0.87996,0.11821,0.24743,0.61328,0.00139808,0.00139808,0.00139808
154,3959.68,0.17984,1.37836,0.14725,0.18156,0.9353,0.99842,1,0.995,0.96742,0.99842,1,0.995,0.71634,0.3355,1.26244,0.12885,0.26953,0.60743,0.00139412,0.00139412,0.00139412
155,3983.63,0.18865,1.3642,0.15129,0.18115,0.93087,0.99814,1,0.995,0.97899,0.99814,1,0.995,0.76462,0.34271,1.06378,0.12891,0.28295,0.61222,0.00139016,0.00139016,0.00139016
156,4007.69,0.20615,1.23434,0.14074,0.18184,0.951,0.99808,1,0.995,0.98581,0.99808,1,0.995,0.74572,0.2969,0.9091,0.12297,0.2893,0.56313,0.0013862,0.0013862,0.0013862
157,4031.57,0.18445,1.36127,0.14049,0.16915,0.94565,0.99848,1,0.995,0.97847,0.99848,1,0.995,0.61044,0.29896,1.37247,0.12572,0.262,0.56337,0.00138224,0.00138224,0.00138224
158,4055.35,0.18618,1.50436,0.15046,0.17319,0.92208,0.99845,1,0.995,0.9789,0.96908,0.97059,0.96636,0.57736,0.31743,2.03606,0.11736,0.24543,0.60619,0.00137828,0.00137828,0.00137828
159,4080.73,0.18583,1.48281,0.1494,0.17578,0.94586,0.99842,1,0.995,0.97237,0.99842,1,0.995,0.66919,0.32438,0.93698,0.12658,0.27165,0.59887,0.00137432,0.00137432,0.00137432
160,4104.69,0.19295,1.39711,0.15063,0.18272,0.93256,0.99842,1,0.995,0.98315,0.99842,1,0.995,0.7159,0.28393,1.23249,0.12027,0.30748,0.57143,0.00137036,0.00137036,0.00137036
161,4131.95,0.18775,1.44714,0.15107,0.17357,0.96297,0.9985,1,0.995,0.97807,0.9985,1,0.995,0.75257,0.28667,1.03989,0.13422,0.2554,0.56319,0.0013664,0.0013664,0.0013664
162,4155.93,0.18447,1.31619,0.14312,0.18123,0.95052,0.99846,1,0.995,0.97321,0.99846,1,0.995,0.70956,0.28679,1.03575,0.12571,0.25174,0.55865,0.00136244,0.00136244,0.00136244
163,4179.56,0.19292,1.34366,0.14593,0.18555,0.94781,1,1,0.995,0.99177,1,1,0.995,0.77432,0.30089,0.82797,0.12402,0.24916,0.56697,0.00135848,0.00135848,0.00135848
164,4207.19,0.19088,1.31416,0.14821,0.18196,0.95932,0.99845,1,0.995,0.9833,0.99845,1,0.995,0.76592,0.3259,1.05582,0.12388,0.27534,0.60125,0.00135452,0.00135452,0.00135452
165,4234.09,0.19202,1.29837,0.1479,0.18147,0.95644,0.99849,1,0.995,0.98229,0.99849,1,0.995,0.76801,0.30097,0.7582,0.11719,0.25135,0.56961,0.00135056,0.00135056,0.00135056
166,4258.04,0.17721,1.225,0.13668,0.17772,0.94293,0.99846,1,0.995,0.97564,0.99846,1,0.995,0.79058,0.32294,0.91799,0.11212,0.27665,0.5947,0.0013466,0.0013466,0.0013466
167,4288.51,0.18228,1.25908,0.14592,0.17334,0.93846,0.99849,1,0.995,0.96449,0.99849,1,0.995,0.72007,0.33368,1.37729,0.11141,0.21434,0.60521,0.00134264,0.00134264,0.00134264
168,4312.58,0.18075,1.47926,0.13843,0.17805,0.93686,0.99845,1,0.995,0.96984,0.99845,1,0.995,0.68585,0.31434,1.26687,0.11502,0.2047,0.59674,0.00133868,0.00133868,0.00133868
169,4336.53,0.19002,1.52774,0.14921,0.17985,0.92837,0.9984,1,0.995,0.96034,0.9984,1,0.995,0.72602,0.29634,1.23179,0.11695,0.19992,0.57068,0.00133472,0.00133472,0.00133472
170,4360.34,0.17177,1.41275,0.14941,0.17339,0.92906,0.99835,1,0.995,0.97052,0.99835,1,0.995,0.7953,0.33522,0.86585,0.11535,0.25643,0.62394,0.00133076,0.00133076,0.00133076
171,4385.84,0.20124,1.30876,0.14665,0.18147,0.94563,0.99842,1,0.995,0.99127,0.99842,1,0.995,0.77028,0.31491,1.03557,0.1178,0.26327,0.58313,0.0013268,0.0013268,0.0013268
172,4409.72,0.19322,1.25468,0.14144,0.17843,0.9503,0.99846,1,0.995,0.98732,0.99846,1,0.995,0.72365,0.27496,1.4814,0.1239,0.24231,0.54594,0.00132284,0.00132284,0.00132284
173,4434.85,0.17661,1.46384,0.1488,0.17539,0.92125,0.99844,1,0.995,0.99053,0.99844,1,0.995,0.73683,0.28263,0.97318,0.12175,0.29266,0.54537,0.00131888,0.00131888,0.00131888
174,4459.14,0.18342,1.40005,0.14634,0.17155,0.94827,0.99845,1,0.995,0.98562,0.99845,1,0.995,0.72379,0.2906,1.23187,0.11741,0.27749,0.56153,0.00131492,0.00131492,0.00131492
175,4486.18,0.18447,1.30477,0.13902,0.16941,0.94231,1,1,0.995,0.97344,1,1,0.995,0.71852,0.33329,1.1029,0.11921,0.30245,0.60519,0.00131096,0.00131096,0.00131096
176,4509.99,0.18396,1.34287,0.14537,0.17399,0.95784,0.99846,1,0.995,0.96865,0.99846,1,0.995,0.79059,0.29779,0.94215,0.11822,0.23029,0.56483,0.001307,0.001307,0.001307
177,4535.72,0.17852,1.23745,0.14373,0.17072,0.94877,0.99846,1,0.995,0.98442,0.99846,1,0.995,0.71348,0.29406,1.11587,0.11876,0.24782,0.54575,0.00130304,0.00130304,0.00130304
178,4559.38,0.17845,1.22671,0.14439,0.16663,0.94279,0.9985,1,0.995,0.98664,0.96914,0.97059,0.96018,0.59745,0.27617,1.37591,0.11746,0.24547,0.53243,0.00129908,0.00129908,0.00129908
179,4583.5,0.17252,1.17974,0.14501,0.16988,0.93348,0.99846,1,0.995,0.99178,0.99846,1,0.995,0.75345,0.26281,1.04509,0.11776,0.23917,0.51718,0.00129512,0.00129512,0.00129512
180,4608.91,0.16613,1.52955,0.14831,0.16855,0.92886,0.99816,1,0.995,0.96798,0.99816,1,0.995,0.77263,0.28718,0.75394,0.11907,0.2325,0.57249,0.00129116,0.00129116,0.00129116
181,4632.86,0.17542,1.30433,0.14423,0.16972,0.94114,1,1,0.995,0.96694,1,1,0.995,0.78579,0.32836,1.04324,0.1182,0.24965,0.62694,0.0012872,0.0012872,0.0012872
182,4658.24,0.16528,1.24592,0.13726,0.1603,0.93992,1,1,0.995,0.98831,1,1,0.995,0.78074,0.27477,0.80343,0.11758,0.23142,0.55129,0.00128324,0.00128324,0.00128324
183,4691.02,0.16771,1.23784,0.13293,0.16982,0.94013,0.99848,1,0.995,0.97504,0.99848,1,0.995,0.78495,0.36468,0.79746,0.11935,0.27648,0.62394,0.00127928,0.00127928,0.00127928
184,4715.14,0.17444,1.28337,0.13553,0.16771,0.93369,0.99847,1,0.995,0.98786,0.99847,1,0.995,0.83707,0.29531,0.63767,0.11833,0.26683,0.56516,0.00127532,0.00127532,0.00127532
185,4743.87,0.17121,1.1452,0.14343,0.16384,0.93452,0.99852,1,0.995,0.96057,0.99852,1,0.995,0.77627,0.28859,0.87641,0.11753,0.26095,0.55047,0.00127136,0.00127136,0.00127136
186,4767.67,0.16909,1.18568,0.13728,0.17221,0.91554,1,1,0.995,0.9531,1,1,0.995,0.67316,0.32012,1.46291,0.12258,0.2593,0.59259,0.0012674,0.0012674,0.0012674
187,4793.66,0.17944,1.18016,0.14307,0.16925,0.94096,1,1,0.995,0.9823,1,1,0.995,0.75936,0.28264,0.88082,0.12147,0.24683,0.54623,0.00126344,0.00126344,0.00126344
188,4817.71,0.17703,1.23762,0.14416,0.17389,0.93503,1,1,0.995,0.97607,1,1,0.995,0.71816,0.34409,0.93498,0.11823,0.28165,0.60054,0.00125948,0.00125948,0.00125948
189,4841.57,0.18438,1.31878,0.13769,0.17632,0.93506,0.99842,1,0.995,0.98613,0.99842,1,0.995,0.678,0.33582,1.51751,0.11672,0.26966,0.61145,0.00125552,0.00125552,0.00125552
190,4868.42,0.18212,1.16483,0.1412,0.17492,0.92164,1,1,0.995,0.97017,1,1,0.995,0.79602,0.36025,0.96934,0.12451,0.23495,0.65946,0.00125156,0.00125156,0.00125156
191,4892.72,0.17358,1.18473,0.13881,0.16768,0.92994,1,1,0.995,0.98583,1,1,0.995,0.77806,0.30532,1.06477,0.11848,0.22857,0.56232,0.0012476,0.0012476,0.0012476
192,4926.4,0.18192,1.27128,0.13574,0.1755,0.93017,0.99816,1,0.995,0.97375,0.99816,1,0.995,0.71755,0.31856,1.31998,0.11058,0.23647,0.58576,0.00124364,0.00124364,0.00124364
193,4950.27,0.18044,1.23586,0.14228,0.17492,0.94482,0.99829,1,0.995,0.98821,0.99829,1,0.995,0.81278,0.28072,0.7996,0.11418,0.24669,0.55026,0.00123968,0.00123968,0.00123968
194,4974.26,0.18366,1.23259,0.13367,0.17156,0.95784,0.99846,1,0.995,0.96675,0.99846,1,0.995,0.7277,0.33799,0.98379,0.11335,0.21916,0.60268,0.00123572,0.00123572,0.00123572
195,4998.02,0.16681,1.22038,0.13642,0.17219,0.92058,1,1,0.995,0.97444,1,1,0.995,0.83938,0.32997,0.82854,0.11526,0.25468,0.57428,0.00123176,0.00123176,0.00123176
196,5021.79,0.17295,1.242,0.1434,0.1717,0.9441,0.99842,1,0.995,0.96847,0.99842,1,0.995,0.69515,0.31108,1.17937,0.11722,0.27257,0.57063,0.0012278,0.0012278,0.0012278
197,5047.48,0.16697,1.26485,0.1376,0.17493,0.92483,0.99839,1,0.995,0.98821,0.99839,1,0.995,0.81725,0.26874,1.00427,0.11797,0.24558,0.52345,0.00122384,0.00122384,0.00122384
198,5071.16,0.16615,1.127,0.13546,0.16826,0.92303,0.99829,1,0.995,0.97769,0.99829,1,0.995,0.78666,0.28598,0.67869,0.11437,0.23193,0.54514,0.00121988,0.00121988,0.00121988
199,5095.36,0.16092,1.05879,0.13498,0.15931,0.93432,0.99839,1,0.995,0.97468,0.99839,1,0.995,0.8357,0.29576,0.65933,0.11308,0.19091,0.5583,0.00121592,0.00121592,0.00121592
200,5119.2,0.15754,1.11478,0.13644,0.16333,0.90849,0.99837,1,0.995,0.98862,0.99837,1,0.995,0.67681,0.31575,1.75524,0.11147,0.27204,0.56574,0.00121196,0.00121196,0.00121196
201,5142.91,0.16202,1.13969,0.13621,0.16007,0.92019,0.99838,1,0.995,0.98786,0.99838,1,0.995,0.8137,0.2735,0.78226,0.11559,0.23122,0.52832,0.001208,0.001208,0.001208
202,5168.3,0.15936,0.99678,0.12779,0.15494,0.93314,0.99847,1,0.995,0.97114,0.99847,1,0.995,0.74228,0.34117,0.69212,0.11561,0.30087,0.63159,0.00120404,0.00120404,0.00120404
203,5192.36,0.15721,1.17493,0.13941,0.16707,0.9157,0.99849,1,0.995,0.9749,0.99849,1,0.995,0.8002,0.34679,0.78518,0.11947,0.26566,0.63198,0.00120008,0.00120008,0.00120008
204,5219.08,0.16457,1.06004,0.13424,0.15905,0.92885,0.99849,1,0.995,0.97201,0.99849,1,0.995,0.80798,0.32999,0.7356,0.11269,0.26939,0.59236,0.00119612,0.00119612,0.00119612
205,5243.48,0.16255,1.20172,0.13594,0.16678,0.93268,0.99848,1,0.995,0.98639,0.99848,1,0.995,0.79451,0.30548,1.23543,0.12072,0.22044,0.555,0.00119216,0.00119216,0.00119216
206,5270.23,0.17783,1.15803,0.13486,0.16693,0.94901,0.99844,1,0.995,0.95652,0.99844,1,0.995,0.76686,0.33289,1.28294,0.12189,0.25612,0.6199,0.0011882,0.0011882,0.0011882
207,5294.09,0.17965,1.10607,0.13704,0.16898,0.94687,0.99851,1,0.995,0.96993,0.99851,1,0.995,0.81894,0.32716,0.89826,0.12489,0.25073,0.61451,0.00118424,0.00118424,0.00118424
208,5319.56,0.16828,1.0095,0.13651,0.16633,0.92862,0.99836,1,0.995,0.96377,0.99836,1,0.995,0.827,0.33847,0.78685,0.12265,0.24358,0.65202,0.00118028,0.00118028,0.00118028
209,5343.25,0.1589,1.00169,0.14119,0.16331,0.93128,0.99851,1,0.995,0.98928,0.99851,1,0.995,0.78941,0.28216,0.81497,0.11183,0.24499,0.56187,0.00117632,0.00117632,0.00117632
210,5368.85,0.16971,1.01309,0.14517,0.17646,0.91015,0.99854,1,0.995,0.98856,0.99854,1,0.995,0.7763,0.30105,0.92474,0.10938,0.28896,0.56381,0.00117236,0.00117236,0.00117236
211,5393.12,0.17393,1.16187,0.13967,0.16531,0.91513,0.99852,1,0.995,0.98126,0.99852,1,0.995,0.80366,0.30071,0.81553,0.11637,0.23959,0.57475,0.0011684,0.0011684,0.0011684
212,5417.08,0.16855,1.04318,0.13749,0.16372,0.92613,0.99835,1,0.995,0.97214,0.99835,1,0.995,0.78001,0.29728,0.89759,0.1217,0.25914,0.57521,0.00116444,0.00116444,0.00116444
213,5440.7,0.16291,1.02236,0.13333,0.16188,0.91769,0.99832,1,0.995,0.98363,0.99832,1,0.995,0.81427,0.26664,0.69926,0.13041,0.2694,0.53621,0.00116048,0.00116048,0.00116048
214,5471.21,0.177,1.04666,0.13803,0.16451,0.94736,0.99845,1,0.995,0.99117,0.99845,1,0.995,0.83197,0.28856,0.5702,0.11892,0.28349,0.55633,0.00115652,0.00115652,0.00115652
215,5495.22,0.16369,0.97484,0.1457,0.1617,0.9113,0.99836,1,0.995,0.97348,0.99836,1,0.995,0.68199,0.32602,0.84168,0.10548,0.22274,0.60429,0.00115256,0.00115256,0.00115256
216,5520.45,0.15711,0.94106,0.13233,0.15498,0.91528,0.99831,1,0.995,0.9885,0.99831,1,0.995,0.74917,0.34423,0.81705,0.10694,0.2203,0.61461,0.0011486,0.0011486,0.0011486
217,5544.07,0.16085,0.92179,0.13424,0.16104,0.90278,0.99844,1,0.995,0.98522,0.99844,1,0.995,0.85274,0.32244,0.6295,0.10814,0.26929,0.59361,0.00114464,0.00114464,0.00114464
218,5572.32,0.16953,0.95406,0.13357,0.15535,0.93186,0.99846,1,0.995,0.9833,0.99846,1,0.995,0.83016,0.36172,0.71394,0.11608,0.28999,0.62454,0.00114068,0.00114068,0.00114068
219,5598.22,0.17297,1.03876,0.13778,0.16255,0.9382,0.99846,1,0.995,0.96458,0.99846,1,0.995,0.82849,0.31432,0.75886,0.11603,0.26343,0.58966,0.00113672,0.00113672,0.00113672
220,5622.14,0.16357,0.99924,0.13817,0.16043,0.9145,0.99841,1,0.995,0.98101,0.99841,1,0.995,0.83945,0.33166,0.6351,0.11234,0.26176,0.5981,0.00113276,0.00113276,0.00113276
221,5647.49,0.1657,1.01484,0.13045,0.15711,0.92351,0.99847,1,0.995,0.98351,0.99847,1,0.995,0.70443,0.34415,0.91575,0.12745,0.26776,0.62037,0.0011288,0.0011288,0.0011288
222,5671.43,0.16677,1.05907,0.1374,0.1662,0.92806,0.99852,1,0.995,0.97664,0.99852,1,0.995,0.78672,0.2944,0.78185,0.11021,0.2995,0.55173,0.00112484,0.00112484,0.00112484
223,5696.72,0.15632,1.07779,0.1304,0.15486,0.91347,0.99853,1,0.995,0.98813,0.99853,1,0.995,0.80509,0.26438,0.65175,0.10794,0.2332,0.52268,0.00112088,0.00112088,0.00112088
224,5723.17,0.16036,1.03851,0.13304,0.15694,0.91135,0.99847,1,0.995,0.98512,0.99847,1,0.995,0.82232,0.27907,0.57897,0.11243,0.22653,0.54429,0.00111692,0.00111692,0.00111692
225,5747.05,0.15429,0.97111,0.13268,0.15701,0.89935,0.99844,1,0.995,0.99198,0.99844,1,0.995,0.8091,0.28244,0.7161,0.11844,0.20469,0.53927,0.00111296,0.00111296,0.00111296
226,5771.06,0.15171,1.08887,0.13471,0.15145,0.911,1,1,0.995,0.9914,1,1,0.995,0.81577,0.25905,0.87076,0.11717,0.21735,0.51168,0.001109,0.001109,0.001109
227,5794.72,0.15985,1.0221,0.12983,0.15617,0.91354,0.99845,1,0.995,0.98876,0.99845,1,0.995,0.79408,0.28651,0.8039,0.11568,0.24979,0.53336,0.00110504,0.00110504,0.00110504
228,5818.5,0.15523,0.98233,0.13095,0.15942,0.9112,0.99847,1,0.995,0.98913,0.99847,1,0.995,0.84144,0.29055,0.57331,0.1127,0.2725,0.55016,0.00110108,0.00110108,0.00110108
229,5844.09,0.15507,1.05158,0.1337,0.15843,0.90052,0.99847,1,0.995,0.99274,0.99847,1,0.995,0.78868,0.26733,0.67282,0.11296,0.25555,0.52038,0.00109712,0.00109712,0.00109712
230,5868.07,0.15598,0.97531,0.124,0.15633,0.94458,0.99849,1,0.995,0.98499,0.99849,1,0.995,0.8199,0.23521,0.74912,0.11118,0.21194,0.48646,0.00109316,0.00109316,0.00109316
231,5893.9,0.14536,0.91636,0.12948,0.15221,0.91994,0.99846,1,0.995,0.98509,0.99846,1,0.995,0.87923,0.28719,0.61015,0.10682,0.22648,0.53765,0.0010892,0.0010892,0.0010892
232,5922.46,0.15449,0.91819,0.13367,0.14957,0.92469,0.99845,1,0.995,0.98929,0.99845,1,0.995,0.79253,0.32562,0.95007,0.11569,0.26491,0.59662,0.00108524,0.00108524,0.00108524
233,5950.44,0.14697,1.02865,0.12946,0.14818,0.91858,0.99834,1,0.995,0.9896,0.99834,1,0.995,0.84149,0.27419,0.71929,0.11167,0.24922,0.5534,0.00108128,0.00108128,0.00108128
234,5974.62,0.16707,0.98758,0.13267,0.15403,0.92609,0.99818,1,0.995,0.98892,0.99818,1,0.995,0.85188,0.26933,0.59613,0.1079,0.25008,0.53301,0.00107732,0.00107732,0.00107732
235,5998.63,0.15547,1.04685,0.12601,0.15499,0.91785,0.99803,1,0.995,0.98618,0.99803,1,0.995,0.77516,0.28206,1.01314,0.10903,0.19312,0.55539,0.00107336,0.00107336,0.00107336
236,6023.09,0.15134,1.02738,0.13113,0.14755,0.92413,0.99834,1,0.995,0.98057,0.99834,1,0.995,0.81389,0.27369,0.66413,0.11033,0.19562,0.5444,0.0010694,0.0010694,0.0010694
237,6048.85,0.15181,0.90059,0.13067,0.15023,0.91882,0.99844,1,0.995,0.99329,0.99844,1,0.995,0.86259,0.24662,0.57045,0.11068,0.20337,0.51176,0.00106544,0.00106544,0.00106544
238,6072.99,0.15626,0.9534,0.1304,0.15329,0.90815,0.99844,1,0.995,0.99292,0.99844,1,0.995,0.8815,0.24267,0.44472,0.10856,0.24051,0.49574,0.00106148,0.00106148,0.00106148
239,6110.34,0.15014,1.04357,0.12773,0.14827,0.91076,0.9985,1,0.995,0.99172,0.9985,1,0.995,0.83239,0.26259,0.65306,0.10956,0.24494,0.50549,0.00105752,0.00105752,0.00105752
240,6134.58,0.16285,0.93382,0.12999,0.15627,0.93163,0.99847,1,0.995,0.9917,0.99847,1,0.995,0.83576,0.28649,0.68339,0.10926,0.22783,0.54223,0.00105356,0.00105356,0.00105356
241,6158.39,0.15109,0.87465,0.13364,0.14914,0.91511,0.99845,1,0.995,0.98671,0.99845,1,0.995,0.78229,0.32247,0.80342,0.10796,0.25813,0.58104,0.0010496,0.0010496,0.0010496
242,6183.9,0.16686,0.90036,0.13633,0.16068,0.91479,0.99853,1,0.995,0.98498,0.99853,1,0.995,0.86173,0.2736,0.56874,0.11296,0.23158,0.53858,0.00104564,0.00104564,0.00104564
243,6208.36,0.1474,0.82981,0.13054,0.15191,0.91377,0.99845,1,0.995,0.98429,0.99845,1,0.995,0.83869,0.26251,0.51786,0.10811,0.18252,0.51937,0.00104168,0.00104168,0.00104168
244,6232.41,0.15658,0.95989,0.13084,0.15313,0.92487,0.99844,1,0.995,0.98677,0.99844,1,0.995,0.85108,0.25855,0.5068,0.10818,0.20016,0.51136,0.00103772,0.00103772,0.00103772
245,6257.86,0.15153,0.91383,0.13233,0.14481,0.91373,0.99848,1,0.995,0.9791,0.99848,1,0.995,0.84382,0.33854,0.63813,0.12188,0.2379,0.60676,0.00103376,0.00103376,0.00103376
246,6281.92,0.158,0.92166,0.13575,0.15384,0.90789,0.99846,1,0.995,0.99349,0.99846,1,0.995,0.86239,0.28665,0.4772,0.11867,0.2871,0.55606,0.0010298,0.0010298,0.0010298
247,6305.7,0.16781,0.92791,0.13601,0.15557,0.92815,0.99847,1,0.995,0.98864,0.99847,1,0.995,0.8896,0.32755,0.49952,0.11851,0.29588,0.58933,0.00102584,0.00102584,0.00102584
248,6333.95,0.15841,0.88637,0.12763,0.15927,0.9152,0.99848,1,0.995,0.98562,0.99848,1,0.995,0.8752,0.26202,0.56856,0.10745,0.26853,0.51978,0.00102188,0.00102188,0.00102188
249,6362.96,0.15156,0.86265,0.12513,0.15114,0.92072,0.9984,1,0.995,0.98658,0.9984,1,0.995,0.83583,0.31886,0.691,0.10598,0.26056,0.56667,0.00101792,0.00101792,0.00101792
250,6391.5,0.15775,0.88696,0.13281,0.15488,0.92235,0.99847,1,0.995,0.99111,0.99847,1,0.995,0.83852,0.30881,0.60869,0.10771,0.23597,0.56358,0.00101396,0.00101396,0.00101396
251,6422.44,0.16095,0.95553,0.13082,0.15725,0.9138,1,1,0.995,0.97827,1,1,0.995,0.84346,0.29843,0.56425,0.10714,0.22662,0.55785,0.00101,0.00101,0.00101
252,6446.88,0.15192,0.83878,0.13169,0.14539,0.93476,0.9985,1,0.995,0.98724,0.9985,1,0.995,0.87912,0.2652,0.61743,0.10471,0.22758,0.51684,0.00100604,0.00100604,0.00100604
253,6471.08,0.1518,0.85122,0.12416,0.14561,0.94008,0.99848,1,0.995,0.98908,0.99848,1,0.995,0.83288,0.30344,0.88555,0.10487,0.21862,0.54918,0.00100208,0.00100208,0.00100208
254,6495.01,0.1565,0.85091,0.12962,0.14636,0.92671,0.99846,1,0.995,0.98017,0.99846,1,0.995,0.83252,0.33049,0.9091,0.10424,0.2123,0.58841,0.00099812,0.00099812,0.00099812
255,6519.01,0.15057,1.01738,0.1355,0.14677,0.92232,0.99848,1,0.995,0.96364,0.99848,1,0.995,0.85767,0.29356,0.60219,0.10652,0.19294,0.56987,0.00099416,0.00099416,0.00099416
256,6544.55,0.14508,0.87983,0.13962,0.14066,0.89423,0.99852,1,0.995,0.96756,0.99852,1,0.995,0.85521,0.27573,0.62243,0.10736,0.21844,0.54764,0.0009902,0.0009902,0.0009902
257,6568.53,0.14108,0.89213,0.12067,0.13761,0.90611,0.99848,1,0.995,0.99068,0.99848,1,0.995,0.82345,0.25996,0.65009,0.10512,0.22296,0.51554,0.00098624,0.00098624,0.00098624
258,6593.77,0.15834,0.8961,0.1351,0.147,0.91064,0.9985,1,0.995,0.98893,0.9985,1,0.995,0.84601,0.27158,0.61036,0.10917,0.18694,0.52734,0.00098228,0.00098228,0.00098228
259,6617.74,0.14028,0.81381,0.12666,0.13438,0.92195,0.99851,1,0.995,0.99014,0.99851,1,0.995,0.765,0.25103,1.03264,0.11028,0.19149,0.51828,0.00097832,0.00097832,0.00097832
260,6644.34,0.15152,0.94944,0.13009,0.14813,0.90489,0.99849,1,0.995,0.98779,0.99849,1,0.995,0.83283,0.24972,0.63448,0.1095,0.19821,0.51722,0.00097436,0.00097436,0.00097436
261,6668.62,0.15224,0.87963,0.13418,0.14238,0.92112,0.99851,1,0.995,0.98867,0.99851,1,0.995,0.75056,0.27723,0.82498,0.10625,0.22928,0.53439,0.0009704,0.0009704,0.0009704
262,6694.22,0.15356,0.89231,0.1265,0.14451,0.91481,0.9985,1,0.995,0.98461,0.9985,1,0.995,0.8502,0.26214,0.67947,0.10887,0.20778,0.52206,0.00096644,0.00096644,0.00096644
263,6723.23,0.15374,0.85735,0.1208,0.14318,0.92842,0.99851,1,0.995,0.9853,0.99851,1,0.995,0.81126,0.25187,0.68791,0.11003,0.23374,0.5135,0.00096248,0.00096248,0.00096248
264,6747.11,0.15835,0.85005,0.13758,0.15018,0.91656,0.99845,1,0.995,0.97863,0.99845,1,0.995,0.85604,0.26205,0.54877,0.10615,0.19049,0.5165,0.00095852,0.00095852,0.00095852
265,6771.21,0.15022,0.84311,0.12147,0.14374,0.92309,1,1,0.995,0.99176,1,1,0.995,0.86366,0.25726,0.54412,0.11152,0.21848,0.50286,0.00095456,0.00095456,0.00095456
266,6795.16,0.15407,0.80373,0.12621,0.14555,0.91776,0.99854,1,0.995,0.98976,0.99854,1,0.995,0.81844,0.22203,0.61721,0.11024,0.209,0.47041,0.0009506,0.0009506,0.0009506
267,6823.5,0.14205,0.95171,0.13121,0.14618,0.92004,0.99852,1,0.995,0.98846,0.99852,1,0.995,0.82155,0.24956,0.76146,0.10968,0.23128,0.50154,0.00094664,0.00094664,0.00094664
268,6847.91,0.15676,0.95931,0.12742,0.1498,0.90349,0.99854,1,0.995,0.99396,0.99854,1,0.995,0.808,0.23182,0.80779,0.10975,0.22086,0.47639,0.00094268,0.00094268,0.00094268
269,6880.35,0.14629,1.03841,0.12335,0.14744,0.91398,0.99852,1,0.995,0.99393,0.99852,1,0.995,0.86996,0.25568,0.58715,0.11331,0.2392,0.49938,0.00093872,0.00093872,0.00093872
270,6904.84,0.14769,0.82871,0.12818,0.1393,0.90008,0.99847,1,0.995,0.98702,0.99847,1,0.995,0.86068,0.26998,0.54108,0.11029,0.20881,0.52474,0.00093476,0.00093476,0.00093476
271,6928.91,0.15697,0.81672,0.13479,0.14905,0.91792,0.99844,1,0.995,0.98778,0.99844,1,0.995,0.86513,0.28864,0.55744,0.1109,0.209,0.53076,0.0009308,0.0009308,0.0009308
272,6952.95,0.14465,0.85675,0.12495,0.13898,0.90936,0.99829,1,0.995,0.98498,0.99829,1,0.995,0.8672,0.24355,0.52286,0.11221,0.20056,0.48922,0.00092684,0.00092684,0.00092684
273,6979.01,0.14307,0.8019,0.13008,0.14088,0.90025,0.99846,1,0.995,0.98262,0.99846,1,0.995,0.86323,0.25471,0.55516,0.10856,0.22569,0.50817,0.00092288,0.00092288,0.00092288
274,7003.02,0.14125,0.74862,0.12367,0.14091,0.9196,0.99848,1,0.995,0.98796,0.99848,1,0.995,0.85396,0.25974,0.56106,0.11145,0.18883,0.5115,0.00091892,0.00091892,0.00091892
275,7030.28,0.14226,0.7133,0.12181,0.14612,0.89983,0.99848,1,0.995,0.98304,0.99848,1,0.995,0.87733,0.25129,0.51006,0.11103,0.23035,0.49604,0.00091496,0.00091496,0.00091496
276,7054.55,0.14008,0.75084,0.12,0.13786,0.91067,0.99846,1,0.995,0.9786,0.99846,1,0.995,0.85323,0.26169,0.53711,0.10802,0.20997,0.5089,0.000911,0.000911,0.000911
277,7078.42,0.15045,0.71696,0.12685,0.13938,0.89825,0.99844,1,0.995,0.99168,0.99844,1,0.995,0.83985,0.28203,0.58152,0.114,0.20431,0.51679,0.00090704,0.00090704,0.00090704
278,7103.79,0.13793,0.81379,0.12826,0.1401,0.91395,0.99848,1,0.995,0.98808,0.96911,0.97059,0.9704,0.82225,0.29277,0.6396,0.11463,0.25777,0.55786,0.00090308,0.00090308,0.00090308
279,7127.99,0.13992,0.93546,0.1242,0.14179,0.9131,0.99847,1,0.995,0.98702,0.99847,1,0.995,0.86776,0.30003,0.55442,0.11931,0.25697,0.5787,0.00089912,0.00089912,0.00089912
280,7151.87,0.13612,0.8778,0.12227,0.13972,0.90534,0.99847,1,0.995,0.97792,0.99847,1,0.995,0.82607,0.29824,0.59754,0.11964,0.27319,0.56794,0.00089516,0.00089516,0.00089516
281,7177.46,0.13579,0.75472,0.11871,0.1412,0.89348,0.9985,1,0.995,0.99131,0.9985,1,0.995,0.85315,0.27753,0.55916,0.10967,0.2236,0.53209,0.0008912,0.0008912,0.0008912
282,7201.49,0.15475,0.79691,0.1262,0.14563,0.92062,0.99848,1,0.995,0.99303,0.99848,1,0.995,0.85151,0.25266,0.87232,0.10512,0.22407,0.51241,0.00088724,0.00088724,0.00088724
283,7225.48,0.13463,0.76803,0.12053,0.13775,0.904,0.99847,1,0.995,0.99016,0.99847,1,0.995,0.85121,0.25111,0.7525,0.10829,0.2906,0.50568,0.00088328,0.00088328,0.00088328
284,7251.16,0.14136,0.79383,0.12287,0.13887,0.92626,0.99846,1,0.995,0.98986,0.99846,1,0.995,0.91012,0.23821,0.44543,0.10358,0.26076,0.47838,0.00087932,0.00087932,0.00087932
285,7281.2,0.14032,0.80166,0.1216,0.13985,0.90399,0.99828,1,0.995,0.97599,0.96891,0.97059,0.95046,0.81022,0.27054,0.59969,0.1066,0.31594,0.51071,0.00087536,0.00087536,0.00087536
286,7306.66,0.13665,0.7411,0.12757,0.13456,0.90289,0.99834,1,0.995,0.95522,0.96898,0.97059,0.95556,0.75794,0.29869,0.74452,0.10449,0.32648,0.57795,0.0008714,0.0008714,0.0008714
287,7330.45,0.13706,0.69523,0.1256,0.12791,0.91753,0.99833,1,0.995,0.97124,0.99833,1,0.995,0.82611,0.28729,0.53428,0.10567,0.23108,0.54904,0.00086744,0.00086744,0.00086744
288,7354.62,0.14061,0.7431,0.12154,0.13455,0.91501,0.99841,1,0.995,0.98342,0.99841,1,0.995,0.87508,0.29145,0.40582,0.10321,0.21789,0.53947,0.00086348,0.00086348,0.00086348
289,7380.21,0.14083,0.70787,0.12591,0.13758,0.8994,0.99845,1,0.995,0.98629,0.99845,1,0.995,0.8397,0.28332,0.5308,0.10206,0.2397,0.55283,0.00085952,0.00085952,0.00085952
290,7404,0.14858,0.74751,0.11689,0.14696,0.91961,1,1,0.995,0.98227,1,1,0.995,0.82825,0.34541,0.70495,0.10979,0.20893,0.64634,0.00085556,0.00085556,0.00085556
291,7429.39,0.15206,0.73941,0.12644,0.14683,0.8945,1,1,0.995,0.98472,1,1,0.995,0.90159,0.28791,0.50641,0.1137,0.19235,0.56255,0.0008516,0.0008516,0.0008516
292,7453.62,0.15192,0.75516,0.12885,0.1443,0.91426,1,1,0.995,0.99158,1,1,0.995,0.89145,0.26424,0.57577,0.10833,0.21621,0.53024,0.00084764,0.00084764,0.00084764
293,7477.63,0.13824,0.76472,0.1282,0.13622,0.89589,0.99849,1,0.995,0.9855,0.99849,1,0.995,0.84412,0.23005,0.57254,0.10104,0.18446,0.48574,0.00084368,0.00084368,0.00084368
294,7506.32,0.13688,0.75665,0.11754,0.13736,0.90666,1,1,0.995,0.98868,1,1,0.995,0.8555,0.30605,0.65493,0.10303,0.23445,0.56082,0.00083972,0.00083972,0.00083972
295,7530.31,0.14416,0.70021,0.12352,0.14379,0.90155,0.9985,1,0.995,0.98658,0.9985,1,0.995,0.86008,0.27843,0.58975,0.10351,0.20917,0.53485,0.00083576,0.00083576,0.00083576
296,7554.11,0.14077,0.70213,0.12475,0.14081,0.90262,0.99847,1,0.995,0.99233,0.99847,1,0.995,0.88104,0.28042,0.49477,0.11281,0.22363,0.53193,0.0008318,0.0008318,0.0008318
297,7577.73,0.14627,0.6736,0.12529,0.13966,0.88992,0.99848,1,0.995,0.97753,0.99848,1,0.995,0.88256,0.32224,0.51171,0.11693,0.22249,0.58854,0.00082784,0.00082784,0.00082784
298,7603.53,0.13809,0.81632,0.12795,0.13646,0.91407,0.99843,1,0.995,0.98933,0.99843,1,0.995,0.85346,0.32951,0.68396,0.12258,0.23615,0.59867,0.00082388,0.00082388,0.00082388
299,7627.39,0.1404,0.73786,0.13408,0.13996,0.91257,0.99841,1,0.995,0.98668,0.99841,1,0.995,0.87798,0.28594,0.51356,0.11054,0.25657,0.53183,0.00081992,0.00081992,0.00081992
300,7652.7,0.14795,0.75069,0.12033,0.1346,0.90922,0.9985,1,0.995,0.97937,0.9985,1,0.995,0.85749,0.33301,0.60002,0.1067,0.23436,0.58546,0.00081596,0.00081596,0.00081596
301,7676.57,0.13912,0.73049,0.11851,0.14016,0.90837,0.99849,1,0.995,0.98558,0.99849,1,0.995,0.87278,0.29846,0.56399,0.11452,0.22848,0.57095,0.000812,0.000812,0.000812
302,7702.66,0.14395,0.71024,0.12798,0.13799,0.90164,1,1,0.995,0.98713,1,1,0.995,0.91308,0.28165,0.41498,0.11648,0.22726,0.54345,0.00080804,0.00080804,0.00080804
303,7730.88,0.14703,0.71751,0.12618,0.13416,0.92202,0.99847,1,0.995,0.98595,0.99847,1,0.995,0.88286,0.32654,0.56567,0.11758,0.21708,0.58366,0.00080408,0.00080408,0.00080408
304,7754.87,0.13875,0.78959,0.11712,0.13226,0.93218,0.99847,1,0.995,0.98979,0.99847,1,0.995,0.87314,0.2801,0.61059,0.1148,0.22176,0.54315,0.00080012,0.00080012,0.00080012
305,7778.62,0.14449,0.70738,0.12659,0.13908,0.90021,0.99848,1,0.995,0.99197,0.99848,1,0.995,0.91378,0.31449,0.54691,0.11314,0.18753,0.58168,0.00079616,0.00079616,0.00079616
306,7804.07,0.13819,0.74375,0.12764,0.13883,0.92433,0.9985,1,0.995,0.98886,0.9985,1,0.995,0.88182,0.2945,0.73249,0.1124,0.1967,0.56447,0.0007922,0.0007922,0.0007922
307,7828.08,0.14564,0.7825,0.12917,0.13682,0.90676,0.99849,1,0.995,0.98676,0.99849,1,0.995,0.91281,0.34069,0.55265,0.10976,0.22015,0.59936,0.00078824,0.00078824,0.00078824
308,7853.67,0.12606,0.73449,0.12495,0.12812,0.91446,0.99851,1,0.995,0.99121,0.99851,1,0.995,0.91166,0.30341,0.4388,0.10811,0.29658,0.54627,0.00078428,0.00078428,0.00078428
309,7877.67,0.12595,0.62973,0.12471,0.12769,0.91118,0.99852,1,0.995,0.995,0.99852,1,0.995,0.89653,0.25628,0.47541,0.10447,0.27267,0.4996,0.00078032,0.00078032,0.00078032
310,7905.16,0.13231,0.64193,0.11984,0.12553,0.92676,0.99848,1,0.995,0.98622,0.99848,1,0.995,0.90464,0.26191,0.46485,0.10124,0.23851,0.51818,0.00077636,0.00077636,0.00077636
311,7929.45,0.12798,0.66247,0.11794,0.13146,0.8993,0.99846,1,0.995,0.99389,0.99846,1,0.995,0.89944,0.2624,0.53281,0.10341,0.22389,0.50859,0.0007724,0.0007724,0.0007724
312,7953.21,0.13777,0.70218,0.11596,0.13122,0.91396,0.99845,1,0.995,0.9919,0.99845,1,0.995,0.91659,0.27372,0.65127,0.11107,0.24619,0.5335,0.00076844,0.00076844,0.00076844
313,7986.77,0.12285,0.66879,0.12286,0.12309,0.90854,0.99848,1,0.995,0.99369,0.99848,1,0.995,0.9297,0.28756,0.41431,0.10973,0.22449,0.56279,0.00076448,0.00076448,0.00076448
314,8018.98,0.13021,0.68962,0.11674,0.13229,0.91355,0.99844,1,0.995,0.98873,0.99844,1,0.995,0.85674,0.30873,0.64694,0.11299,0.20953,0.58423,0.00076052,0.00076052,0.00076052
315,8047.84,0.13282,0.72464,0.12601,0.13064,0.91802,0.99847,1,0.995,0.9938,0.99847,1,0.995,0.84294,0.28635,0.71263,0.1098,0.2579,0.55317,0.00075656,0.00075656,0.00075656
316,8071.82,0.13066,0.70703,0.12419,0.12864,0.91464,0.99848,1,0.995,0.98515,0.99848,1,0.995,0.89767,0.27838,0.48985,0.11076,0.23011,0.55573,0.0007526,0.0007526,0.0007526
317,8097.27,0.13307,0.6583,0.12645,0.13245,0.91078,0.99848,1,0.995,0.99362,0.99848,1,0.995,0.90792,0.2875,0.47222,0.10969,0.2395,0.55159,0.00074864,0.00074864,0.00074864
318,8124.08,0.13444,0.59007,0.11543,0.12928,0.89698,0.99848,1,0.995,0.98697,0.99848,1,0.995,0.8876,0.28299,0.49941,0.11469,0.2013,0.55866,0.00074468,0.00074468,0.00074468
319,8148.31,0.13666,0.60846,0.12294,0.13007,0.88214,0.9985,1,0.995,0.99063,0.9985,1,0.995,0.88805,0.27524,0.73178,0.11658,0.22814,0.54261,0.00074072,0.00074072,0.00074072
320,8171.89,0.12677,0.63889,0.11588,0.12532,0.8853,0.99848,1,0.995,0.99283,0.99848,1,0.995,0.92569,0.25332,0.39118,0.11363,0.24202,0.5164,0.00073676,0.00073676,0.00073676
321,8195.91,0.13475,0.68138,0.11985,0.13015,0.90815,0.99847,1,0.995,0.98815,0.99847,1,0.995,0.88008,0.26643,0.54517,0.10489,0.20746,0.52312,0.0007328,0.0007328,0.0007328
322,8219.57,0.1343,0.66944,0.12197,0.12866,0.89879,0.99848,1,0.995,0.98239,0.99848,1,0.995,0.90469,0.25089,0.43518,0.10676,0.23373,0.52389,0.00072884,0.00072884,0.00072884
323,8247.26,0.12534,0.63551,0.11998,0.12041,0.91984,0.9985,1,0.995,0.99054,0.9985,1,0.995,0.91328,0.28142,0.41091,0.11477,0.25515,0.56638,0.00072488,0.00072488,0.00072488
324,8272.79,0.13167,0.65129,0.11413,0.12264,0.90089,0.99854,1,0.995,0.98677,0.99854,1,0.995,0.91593,0.31487,0.43215,0.12055,0.21663,0.60172,0.00072092,0.00072092,0.00072092
325,8297.51,0.13041,0.6845,0.12484,0.12749,0.92369,0.99858,1,0.995,0.98375,0.99858,1,0.995,0.90176,0.28332,0.43412,0.11434,0.22351,0.56089,0.00071696,0.00071696,0.00071696
326,8321.38,0.12296,0.63559,0.11978,0.12074,0.90316,0.9985,1,0.995,0.98628,0.9985,1,0.995,0.91399,0.27525,0.44112,0.11171,0.21014,0.53683,0.000713,0.000713,0.000713
327,8345.2,0.13137,0.62393,0.11847,0.12594,0.91161,0.99852,1,0.995,0.98838,0.99852,1,0.995,0.90144,0.25909,0.50571,0.10854,0.262,0.5176,0.00070904,0.00070904,0.00070904
328,8368.87,0.13324,0.74979,0.12241,0.12586,0.89288,0.99851,1,0.995,0.99187,0.99851,1,0.995,0.9058,0.25232,0.58189,0.10055,0.21861,0.49885,0.00070508,0.00070508,0.00070508
329,8394.77,0.13053,0.73557,0.12609,0.12639,0.89488,0.99848,1,0.995,0.98886,0.99848,1,0.995,0.83868,0.26286,0.71241,0.10839,0.23916,0.49814,0.00070112,0.00070112,0.00070112
330,8418.86,0.12587,0.66108,0.11996,0.12846,0.90987,0.99848,1,0.995,0.98947,0.99848,1,0.995,0.90941,0.23888,0.4772,0.10473,0.22768,0.48559,0.00069716,0.00069716,0.00069716
331,8442.52,0.11449,0.61251,0.12781,0.11865,0.87993,0.99849,1,0.995,0.9891,0.99849,1,0.995,0.922,0.22495,0.3818,0.10207,0.25444,0.47507,0.0006932,0.0006932,0.0006932
332,8468.3,0.11472,0.58633,0.12492,0.11454,0.90459,0.9985,1,0.995,0.99014,0.9985,1,0.995,0.90278,0.23736,0.41172,0.1006,0.23258,0.49724,0.00068924,0.00068924,0.00068924
333,8491.99,0.12549,0.62234,0.1215,0.12425,0.90181,0.99849,1,0.995,0.98969,0.99849,1,0.995,0.90128,0.23636,0.46112,0.09808,0.19155,0.49045,0.00068528,0.00068528,0.00068528
334,8521.45,0.1218,0.60145,0.12893,0.12465,0.88558,0.99849,1,0.995,0.99085,0.99849,1,0.995,0.91107,0.24121,0.4771,0.09857,0.20834,0.49065,0.00068132,0.00068132,0.00068132
335,8545.25,0.12093,0.60492,0.11864,0.12327,0.90593,0.9985,1,0.995,0.98694,0.9985,1,0.995,0.90228,0.25456,0.46486,0.1111,0.18876,0.51986,0.00067736,0.00067736,0.00067736
336,8570.91,0.1243,0.65063,0.11406,0.12015,0.9117,0.9985,1,0.995,0.98536,0.9985,1,0.995,0.87985,0.24413,0.51735,0.11355,0.24082,0.51251,0.0006734,0.0006734,0.0006734
337,8597.19,0.12212,0.60588,0.11942,0.12599,0.88844,0.99849,1,0.995,0.97746,0.99849,1,0.995,0.89166,0.26102,0.52327,0.1051,0.21882,0.53551,0.00066944,0.00066944,0.00066944
338,8621.07,0.11709,0.55667,0.11784,0.11731,0.88651,0.9985,1,0.995,0.98282,0.9985,1,0.995,0.91246,0.26421,0.49602,0.10693,0.21102,0.54036,0.00066548,0.00066548,0.00066548
339,8646.41,0.1223,0.52712,0.11726,0.1185,0.89953,0.99851,1,0.995,0.9848,0.99851,1,0.995,0.91494,0.29087,0.36616,0.10234,0.18505,0.54252,0.00066152,0.00066152,0.00066152
340,8670.07,0.12381,0.58265,0.1222,0.11995,0.9155,0.9985,1,0.995,0.98757,0.9985,1,0.995,0.89613,0.23373,0.44759,0.10283,0.17754,0.50065,0.00065756,0.00065756,0.00065756
341,8695.89,0.12851,0.63952,0.11847,0.12563,0.89612,0.99846,1,0.995,0.995,0.99846,1,0.995,0.9017,0.21865,0.50144,0.10043,0.24602,0.46801,0.0006536,0.0006536,0.0006536
342,8720.07,0.13933,0.6309,0.11506,0.1282,0.90336,0.99847,1,0.995,0.98454,0.99847,1,0.995,0.89289,0.22773,0.42822,0.0996,0.22388,0.47849,0.00064964,0.00064964,0.00064964
343,8744.1,0.1366,0.63514,0.12324,0.13045,0.89408,1,1,0.995,0.98525,1,1,0.995,0.9081,0.2457,0.38229,0.09857,0.21667,0.50541,0.00064568,0.00064568,0.00064568
344,8769.72,0.12123,0.62005,0.11814,0.11809,0.89853,1,1,0.995,0.98751,1,1,0.995,0.88859,0.22841,0.46095,0.0989,0.20679,0.48861,0.00064172,0.00064172,0.00064172
345,8793.36,0.12805,0.64086,0.11105,0.12347,0.91199,0.99849,1,0.995,0.99095,0.99849,1,0.995,0.89233,0.23395,0.42092,0.09878,0.17762,0.48013,0.00063776,0.00063776,0.00063776
346,8818.54,0.1315,0.61261,0.1212,0.12558,0.89701,0.99846,1,0.995,0.98477,0.99846,1,0.995,0.90272,0.23859,0.37758,0.10086,0.18167,0.48016,0.0006338,0.0006338,0.0006338
347,8843.04,0.12048,0.63793,0.11213,0.11786,0.91505,0.99849,1,0.995,0.98465,0.99849,1,0.995,0.85894,0.23008,0.57425,0.10352,0.19167,0.47946,0.00062984,0.00062984,0.00062984
348,8867.06,0.12426,0.59759,0.11773,0.12083,0.8943,0.99848,1,0.995,0.98273,0.99848,1,0.995,0.88906,0.23942,0.44666,0.10393,0.19526,0.49558,0.00062588,0.00062588,0.00062588
349,8892.47,0.11585,0.59775,0.1267,0.12045,0.8952,0.9985,1,0.995,0.98046,0.9985,1,0.995,0.89628,0.24995,0.50085,0.10657,0.19883,0.50296,0.00062192,0.00062192,0.00062192
350,8916.14,0.13404,0.56291,0.11654,0.11932,0.90964,0.99839,1,0.995,0.995,0.99839,1,0.995,0.88503,0.24572,0.50509,0.10782,0.18367,0.48881,0.00061796,0.00061796,0.00061796
351,8941.71,0.12382,0.55064,0.12685,0.12459,0.89849,1,1,0.995,0.98702,1,1,0.995,0.91903,0.25156,0.44468,0.10531,0.18614,0.50058,0.000614,0.000614,0.000614
352,8965.63,0.12111,0.54396,0.11612,0.11637,0.89901,0.99851,1,0.995,0.98896,0.99851,1,0.995,0.9112,0.27681,0.44196,0.10443,0.21078,0.52847,0.00061004,0.00061004,0.00061004
353,8989.77,0.12314,0.54632,0.11989,0.11987,0.90794,0.99819,1,0.995,0.97399,0.99819,1,0.995,0.90386,0.29569,0.48425,0.1233,0.17557,0.57078,0.00060608,0.00060608,0.00060608
354,9015.24,0.13478,0.6333,0.12546,0.1269,0.90016,0.99845,1,0.995,0.98834,0.99845,1,0.995,0.92071,0.30006,0.39966,0.11794,0.20807,0.56349,0.00060212,0.00060212,0.00060212
355,9039.03,0.12232,0.60152,0.1191,0.11632,0.89845,0.99849,1,0.995,0.99184,0.99849,1,0.995,0.92246,0.29964,0.37021,0.11598,0.2328,0.56195,0.00059816,0.00059816,0.00059816
356,9064.54,0.12468,0.60162,0.11458,0.12012,0.89654,0.99849,1,0.995,0.98937,0.99849,1,0.995,0.94178,0.2654,0.48933,0.1108,0.22135,0.53259,0.0005942,0.0005942,0.0005942
357,9092.45,0.12052,0.56244,0.11762,0.12365,0.88814,0.99851,1,0.995,0.99124,0.99851,1,0.995,0.93388,0.23972,0.36068,0.098,0.19361,0.49542,0.00059024,0.00059024,0.00059024
358,9116.65,0.11982,0.51161,0.12766,0.11665,0.88172,0.99849,1,0.995,0.98966,0.99849,1,0.995,0.90472,0.23982,0.40927,0.10054,0.17707,0.48627,0.00058628,0.00058628,0.00058628
359,9142.15,0.11026,0.569,0.11756,0.1098,0.88961,0.99851,1,0.995,0.99396,0.99851,1,0.995,0.93572,0.23662,0.3521,0.10041,0.16893,0.48594,0.00058232,0.00058232,0.00058232
360,9165.91,0.1139,0.56897,0.11301,0.11551,0.90301,0.99851,1,0.995,0.99082,0.99851,1,0.995,0.90943,0.23135,0.49215,0.10138,0.16822,0.4658,0.00057836,0.00057836,0.00057836
361,9189.71,0.11703,0.57648,0.12286,0.11792,0.88326,0.9985,1,0.995,0.99396,0.9985,1,0.995,0.90973,0.23763,0.49379,0.10119,0.16403,0.47308,0.0005744,0.0005744,0.0005744
362,9213.25,0.13434,0.56035,0.12619,0.12548,0.89063,1,1,0.995,0.9896,1,1,0.995,0.93649,0.23741,0.35167,0.09985,0.18637,0.49939,0.00057044,0.00057044,0.00057044
363,9237.34,0.12697,0.58284,0.12099,0.11996,0.89681,0.99852,1,0.995,0.99396,0.99852,1,0.995,0.93198,0.22819,0.37427,0.09999,0.1575,0.47425,0.00056648,0.00056648,0.00056648
364,9262.64,0.12378,0.58589,0.12244,0.12155,0.89324,0.99852,1,0.995,0.99115,0.99852,1,0.995,0.92396,0.21667,0.43406,0.09934,0.18063,0.47589,0.00056252,0.00056252,0.00056252
365,9289.58,0.11312,0.60308,0.12178,0.11434,0.90143,0.99849,1,0.995,0.99181,0.99849,1,0.995,0.91466,0.2148,0.4151,0.10076,0.19275,0.46013,0.00055856,0.00055856,0.00055856
366,9313.46,0.10947,0.53366,0.11098,0.11311,0.90142,0.99848,1,0.995,0.98955,0.99848,1,0.995,0.9388,0.22487,0.33947,0.09737,0.2062,0.47101,0.0005546,0.0005546,0.0005546
367,9340.9,0.11528,0.55671,0.1252,0.1159,0.90666,0.99851,1,0.995,0.99179,0.99851,1,0.995,0.93125,0.21728,0.37258,0.09745,0.18572,0.46497,0.00055064,0.00055064,0.00055064
368,9364.74,0.11828,0.53991,0.12002,0.11597,0.89018,0.99849,1,0.995,0.98637,0.99849,1,0.995,0.92265,0.24225,0.37716,0.096,0.21053,0.50163,0.00054668,0.00054668,0.00054668
369,9388.67,0.1149,0.50308,0.1184,0.1191,0.89207,0.99846,1,0.995,0.9864,0.99846,1,0.995,0.91788,0.26906,0.42948,0.10533,0.23286,0.51868,0.00054272,0.00054272,0.00054272
370,9414.83,0.12873,0.56433,0.1096,0.12118,0.90697,0.99845,1,0.995,0.98766,0.99845,1,0.995,0.91874,0.25326,0.45199,0.10133,0.25245,0.49392,0.00053876,0.00053876,0.00053876
371,9438.93,0.12188,0.59065,0.12192,0.11997,0.89252,0.99847,1,0.995,0.98858,0.99847,1,0.995,0.92407,0.2664,0.54301,0.11024,0.20638,0.52036,0.0005348,0.0005348,0.0005348
372,9466.45,0.11659,0.57343,0.11675,0.11873,0.88027,0.99848,1,0.995,0.9884,0.99848,1,0.995,0.93264,0.2317,0.34746,0.10468,0.22879,0.49587,0.00053084,0.00053084,0.00053084
373,9490.36,0.12482,0.57895,0.12328,0.11775,0.88218,0.99848,1,0.995,0.98538,0.99848,1,0.995,0.95052,0.25761,0.33642,0.10261,0.19983,0.52066,0.00052688,0.00052688,0.00052688
374,9515.83,0.11806,0.57966,0.11905,0.1155,0.88825,0.99848,1,0.995,0.98715,0.99848,1,0.995,0.92364,0.21869,0.39163,0.09793,0.17957,0.47408,0.00052292,0.00052292,0.00052292
375,9539.8,0.11557,0.5504,0.11084,0.11057,0.88385,0.99847,1,0.995,0.98641,0.99847,1,0.995,0.93917,0.22544,0.3393,0.09638,0.16006,0.47086,0.00051896,0.00051896,0.00051896
376,9564.03,0.12058,0.60802,0.11253,0.11157,0.90946,0.99846,1,0.995,0.98946,0.99846,1,0.995,0.9221,0.22244,0.42633,0.09828,0.157,0.47049,0.000515,0.000515,0.000515
377,9587.82,0.11225,0.56857,0.11741,0.11099,0.8897,0.99845,1,0.995,0.9913,0.99845,1,0.995,0.93617,0.25353,0.30753,0.09623,0.18744,0.50061,0.00051104,0.00051104,0.00051104
378,9613.48,0.11578,0.59878,0.12375,0.11689,0.90941,0.99845,1,0.995,0.98938,0.99845,1,0.995,0.92167,0.26478,0.4294,0.09752,0.20917,0.51342,0.00050708,0.00050708,0.00050708
379,9642.39,0.11588,0.52461,0.12264,0.11787,0.8848,0.99846,1,0.995,0.98927,0.99846,1,0.995,0.92664,0.26824,0.38825,0.10005,0.20885,0.51335,0.00050312,0.00050312,0.00050312
380,9666.08,0.1105,0.53251,0.11011,0.11218,0.87989,0.99846,1,0.995,0.98731,0.99846,1,0.995,0.93429,0.24371,0.32601,0.09865,0.20226,0.49175,0.00049916,0.00049916,0.00049916
381,9689.98,0.11308,0.51636,0.11765,0.11363,0.89883,0.99851,1,0.995,0.98879,0.99851,1,0.995,0.9242,0.22297,0.40521,0.10155,0.17268,0.46691,0.0004952,0.0004952,0.0004952
382,9715.95,0.1144,0.47498,0.11155,0.11101,0.90385,0.99849,1,0.995,0.99305,0.99849,1,0.995,0.92879,0.21309,0.35984,0.09966,0.15775,0.4674,0.00049124,0.00049124,0.00049124
383,9740.15,0.11965,0.49292,0.12175,0.11973,0.89076,0.99852,1,0.995,0.99014,0.99852,1,0.995,0.9396,0.20944,0.46442,0.10197,0.18603,0.45763,0.00048728,0.00048728,0.00048728
384,9766.75,0.11252,0.51109,0.11017,0.11347,0.8921,0.9982,1,0.995,0.98832,0.9982,1,0.995,0.89826,0.23482,0.44917,0.10243,0.15757,0.4729,0.00048332,0.00048332,0.00048332
385,9793.46,0.11731,0.54903,0.11396,0.11405,0.89087,0.99806,1,0.995,0.98454,0.99806,1,0.995,0.90478,0.22853,0.51824,0.10419,0.17834,0.47027,0.00047936,0.00047936,0.00047936
386,9817.21,0.11333,0.53075,0.11936,0.11392,0.89316,0.99802,1,0.995,0.995,0.99802,1,0.995,0.89854,0.26883,0.42204,0.1028,0.18017,0.4997,0.0004754,0.0004754,0.0004754
387,9841.21,0.12267,0.58215,0.10956,0.11424,0.91954,0.99838,1,0.995,0.98802,0.99838,1,0.995,0.87382,0.25571,0.58103,0.10266,0.1954,0.5028,0.00047144,0.00047144,0.00047144
388,9867.81,0.12186,0.59754,0.11453,0.11396,0.88603,0.99843,1,0.995,0.98103,0.99843,1,0.995,0.93251,0.2533,0.39957,0.10254,0.21029,0.49915,0.00046748,0.00046748,0.00046748
389,9891.54,0.11913,0.54909,0.117,0.11649,0.88677,0.99848,1,0.995,0.98891,0.99848,1,0.995,0.91116,0.24007,0.4152,0.10039,0.20498,0.48542,0.00046352,0.00046352,0.00046352
390,9915.59,0.108,0.5297,0.11132,0.10639,0.89484,1,1,0.995,0.99088,1,1,0.995,0.93913,0.21253,0.35771,0.10073,0.18023,0.45312,0.00045956,0.00045956,0.00045956
391,9941.15,0.10643,0.53052,0.11328,0.10633,0.88581,1,1,0.995,0.99104,1,1,0.995,0.91855,0.22145,0.36302,0.10141,0.17525,0.46471,0.0004556,0.0004556,0.0004556
392,9964.98,0.10904,0.56985,0.11768,0.112,0.88549,1,1,0.995,0.99158,1,1,0.995,0.91484,0.19782,0.42012,0.10052,0.19211,0.45513,0.00045164,0.00045164,0.00045164
393,9990.46,0.11797,0.55122,0.12219,0.11922,0.89212,1,1,0.995,0.99122,1,1,0.995,0.92161,0.18757,0.38457,0.09866,0.16324,0.44022,0.00044768,0.00044768,0.00044768
394,10014.3,0.1145,0.52403,0.11459,0.11617,0.89911,0.99851,1,0.995,0.99396,0.99851,1,0.995,0.90264,0.22624,0.40675,0.09743,0.14577,0.46666,0.00044372,0.00044372,0.00044372
395,10038.2,0.11615,0.53312,0.11494,0.11247,0.87559,1,1,0.995,0.995,1,1,0.995,0.93478,0.20623,0.36346,0.0984,0.15162,0.455,0.00043976,0.00043976,0.00043976
396,10061.9,0.10753,0.50531,0.11082,0.10795,0.89186,0.9985,1,0.995,0.99387,0.9985,1,0.995,0.9148,0.19662,0.48385,0.09786,0.14706,0.43607,0.0004358,0.0004358,0.0004358
397,10090.5,0.11759,0.5243,0.1143,0.10997,0.90092,0.99852,1,0.995,0.98686,0.99852,1,0.995,0.91553,0.20627,0.50962,0.1,0.14944,0.45175,0.00043184,0.00043184,0.00043184
398,10114.3,0.11338,0.50229,0.11558,0.11011,0.89816,1,1,0.995,0.98407,1,1,0.995,0.91526,0.21995,0.42177,0.09861,0.14543,0.47175,0.00042788,0.00042788,0.00042788
399,10138.2,0.12332,0.53003,0.11852,0.11486,0.90433,0.99849,1,0.995,0.98991,0.99849,1,0.995,0.9315,0.23928,0.40561,0.09699,0.16809,0.47425,0.00042392,0.00042392,0.00042392
400,10162.2,0.10963,0.48884,0.11468,0.10833,0.89046,0.9985,1,0.995,0.98404,0.9985,1,0.995,0.93762,0.24009,0.36179,0.09666,0.18853,0.48727,0.00041996,0.00041996,0.00041996
401,10186.2,0.10999,0.51362,0.11867,0.10925,0.88444,0.9985,1,0.995,0.98577,0.9985,1,0.995,0.93216,0.22629,0.413,0.09846,0.19388,0.46842,0.000416,0.000416,0.000416
402,10210.1,0.11751,0.49051,0.12035,0.11624,0.89771,0.9985,1,0.995,0.98822,0.9985,1,0.995,0.92387,0.23678,0.44214,0.09833,0.2061,0.47486,0.00041204,0.00041204,0.00041204
403,10234.1,0.1064,0.47699,0.11188,0.10975,0.87761,1,1,0.995,0.98996,1,1,0.995,0.93806,0.22635,0.43949,0.10164,0.19883,0.47508,0.00040808,0.00040808,0.00040808
404,10257.9,0.10658,0.50348,0.11446,0.10769,0.89587,1,1,0.995,0.99158,1,1,0.995,0.93585,0.2363,0.38726,0.09873,0.20795,0.49576,0.00040412,0.00040412,0.00040412
405,10283.7,0.10952,0.4684,0.11475,0.10537,0.89224,1,1,0.995,0.99399,1,1,0.995,0.93247,0.21838,0.40916,0.09847,0.20713,0.47298,0.00040016,0.00040016,0.00040016
406,10307.8,0.11301,0.48121,0.11681,0.10716,0.87965,1,1,0.995,0.99149,1,1,0.995,0.92613,0.20628,0.42682,0.09798,0.20199,0.45736,0.0003962,0.0003962,0.0003962
407,10331.4,0.1132,0.48016,0.12158,0.11362,0.88763,1,1,0.995,0.99328,1,1,0.995,0.92806,0.22346,0.34906,0.09921,0.16379,0.46741,0.00039224,0.00039224,0.00039224
408,10356.3,0.10722,0.45574,0.11736,0.1128,0.88832,0.99849,1,0.995,0.98883,0.99849,1,0.995,0.93232,0.24272,0.355,0.09776,0.18199,0.49237,0.00038828,0.00038828,0.00038828
409,10381.8,0.11523,0.47192,0.11952,0.11384,0.88317,0.99846,1,0.995,0.98855,0.99846,1,0.995,0.93326,0.21365,0.37161,0.09771,0.16602,0.45764,0.00038432,0.00038432,0.00038432
410,10405.8,0.1101,0.47488,0.11481,0.114,0.88583,0.99845,1,0.995,0.98782,0.99845,1,0.995,0.94219,0.23164,0.31914,0.0979,0.1917,0.47566,0.00038036,0.00038036,0.00038036
411,10429.7,0.10645,0.50356,0.11333,0.1069,0.89991,0.9985,1,0.995,0.98326,0.9985,1,0.995,0.9351,0.21931,0.39894,0.09805,0.18354,0.47305,0.0003764,0.0003764,0.0003764
412,10453.7,0.10771,0.44571,0.11452,0.11151,0.88859,0.99844,1,0.995,0.98864,0.99844,1,0.995,0.9483,0.22117,0.31223,0.09656,0.15237,0.46367,0.00037244,0.00037244,0.00037244
413,10484.4,0.10769,0.44874,0.11468,0.10633,0.8939,0.99849,1,0.995,0.98685,0.99849,1,0.995,0.95208,0.21496,0.27622,0.09588,0.17317,0.46714,0.00036848,0.00036848,0.00036848
414,10514.8,0.10648,0.52974,0.11798,0.10817,0.89529,0.99848,1,0.995,0.98864,0.99848,1,0.995,0.9468,0.20977,0.30556,0.09692,0.18795,0.46417,0.00036452,0.00036452,0.00036452
415,10538.8,0.10748,0.43446,0.1193,0.10639,0.87824,0.99849,1,0.995,0.98516,0.99849,1,0.995,0.94253,0.21524,0.38746,0.09694,0.18963,0.46155,0.00036056,0.00036056,0.00036056
416,10566.5,0.11395,0.52447,0.11609,0.10971,0.88987,0.99849,1,0.995,0.98581,0.99849,1,0.995,0.92749,0.20318,0.45114,0.09555,0.17131,0.44987,0.0003566,0.0003566,0.0003566
417,10596.5,0.10433,0.42762,0.11204,0.10424,0.87506,0.9985,1,0.995,0.99157,0.9985,1,0.995,0.94135,0.20622,0.33867,0.09439,0.15345,0.44862,0.00035264,0.00035264,0.00035264
418,10620.2,0.11102,0.43641,0.11651,0.10989,0.88113,0.99853,1,0.995,0.99131,0.99853,1,0.995,0.94199,0.19435,0.33618,0.0946,0.16258,0.45126,0.00034868,0.00034868,0.00034868
419,10645.8,0.1073,0.44562,0.114,0.1034,0.89988,0.99852,1,0.995,0.99082,0.99852,1,0.995,0.94912,0.22568,0.35958,0.09497,0.18451,0.47616,0.00034472,0.00034472,0.00034472
420,10674.8,0.1023,0.41908,0.11753,0.10385,0.8802,0.9985,1,0.995,0.98553,0.9985,1,0.995,0.95312,0.23508,0.33807,0.09546,0.17002,0.48575,0.00034076,0.00034076,0.00034076
421,10698.9,0.11136,0.43175,0.11208,0.10262,0.9033,0.99849,1,0.995,0.98885,0.99849,1,0.995,0.94546,0.23685,0.3562,0.09377,0.17511,0.48995,0.0003368,0.0003368,0.0003368
422,10722.6,0.1079,0.43721,0.1137,0.10203,0.88535,0.99849,1,0.995,0.9884,0.99849,1,0.995,0.93468,0.2226,0.3988,0.0959,0.15377,0.46529,0.00033284,0.00033284,0.00033284
423,10746.2,0.10921,0.45032,0.11009,0.10665,0.87881,0.99852,1,0.995,0.98866,0.99852,1,0.995,0.94672,0.20201,0.32862,0.09501,0.165,0.44613,0.00032888,0.00032888,0.00032888
424,10769.7,0.10832,0.44899,0.1153,0.11062,0.86754,0.99851,1,0.995,0.98945,0.99851,1,0.995,0.94984,0.23119,0.2935,0.09425,0.14917,0.46628,0.00032492,0.00032492,0.00032492
425,10799.6,0.11135,0.42549,0.11547,0.1025,0.88177,0.99851,1,0.995,0.98906,0.99851,1,0.995,0.94826,0.21024,0.31328,0.09448,0.15333,0.45367,0.00032096,0.00032096,0.00032096
426,10823.9,0.10592,0.46069,0.10608,0.10197,0.88871,0.99852,1,0.995,0.98864,0.99852,1,0.995,0.94681,0.23182,0.32615,0.0945,0.16654,0.46836,0.000317,0.000317,0.000317
427,10847.8,0.11563,0.4944,0.11035,0.10591,0.90125,0.99851,1,0.995,0.98901,0.99851,1,0.995,0.94032,0.2121,0.44657,0.09548,0.16992,0.45867,0.00031304,0.00031304,0.00031304
428,10873.4,0.10958,0.47571,0.11478,0.10487,0.89149,0.9985,1,0.995,0.99396,0.9985,1,0.995,0.94895,0.21335,0.37228,0.09408,0.1769,0.44753,0.00030908,0.00030908,0.00030908
429,10906.4,0.10633,0.42948,0.11217,0.10407,0.90511,0.99849,1,0.995,0.98877,0.99849,1,0.995,0.94624,0.23815,0.34786,0.09535,0.18275,0.47092,0.00030512,0.00030512,0.00030512
430,10930.5,0.1017,0.50067,0.10728,0.09925,0.90213,0.99851,1,0.995,0.99124,0.99851,1,0.995,0.94436,0.22727,0.35389,0.09556,0.17668,0.46306,0.00030116,0.00030116,0.00030116
431,10954.4,0.10288,0.44576,0.11227,0.1033,0.88069,0.99849,1,0.995,0.98975,0.99849,1,0.995,0.95041,0.2193,0.33313,0.09596,0.17238,0.45809,0.0002972,0.0002972,0.0002972
432,10980,0.10757,0.42103,0.10935,0.10383,0.89048,0.9985,1,0.995,0.99005,0.9985,1,0.995,0.94532,0.21923,0.3211,0.09517,0.18463,0.46086,0.00029324,0.00029324,0.00029324
433,11003.7,0.10323,0.43864,0.11041,0.10673,0.87721,0.99851,1,0.995,0.98975,0.99851,1,0.995,0.94929,0.23115,0.3531,0.0948,0.17816,0.47843,0.00028928,0.00028928,0.00028928
434,11029.2,0.10244,0.46748,0.11766,0.09992,0.88822,0.9985,1,0.995,0.98986,0.9985,1,0.995,0.96356,0.23557,0.30871,0.09548,0.17861,0.4819,0.00028532,0.00028532,0.00028532
435,11056.3,0.10239,0.45486,0.11311,0.09894,0.88842,0.99849,1,0.995,0.99042,0.99849,1,0.995,0.94872,0.21506,0.35554,0.09537,0.1617,0.4565,0.00028136,0.00028136,0.00028136
436,11082.3,0.10063,0.48417,0.11511,0.09918,0.88493,0.99851,1,0.995,0.99003,0.99851,1,0.995,0.964,0.22302,0.2955,0.09624,0.17296,0.45973,0.0002774,0.0002774,0.0002774
437,11112.4,0.09906,0.41682,0.10805,0.09652,0.87416,0.9985,1,0.995,0.98876,0.9985,1,0.995,0.96287,0.23427,0.26844,0.09485,0.19574,0.47534,0.00027344,0.00027344,0.00027344
438,11136.1,0.10269,0.42545,0.10507,0.09907,0.88011,0.99851,1,0.995,0.99106,0.99851,1,0.995,0.95063,0.20745,0.32776,0.09559,0.18157,0.45123,0.00026948,0.00026948,0.00026948
439,11160.3,0.10198,0.40314,0.11594,0.10059,0.88342,0.99848,1,0.995,0.9893,0.99848,1,0.995,0.93835,0.19856,0.38696,0.09463,0.17287,0.44203,0.00026552,0.00026552,0.00026552
440,11183.9,0.1057,0.3938,0.11361,0.10001,0.89192,0.9985,1,0.995,0.9886,0.9985,1,0.995,0.94367,0.19794,0.36088,0.09632,0.16628,0.44161,0.00026156,0.00026156,0.00026156
441,11207.9,0.10327,0.40994,0.11912,0.10401,0.87217,0.9985,1,0.995,0.9882,0.9985,1,0.995,0.96109,0.20834,0.28824,0.09613,0.18015,0.45524,0.0002576,0.0002576,0.0002576
442,11231.5,0.09345,0.3844,0.11278,0.09802,0.86469,0.99848,1,0.995,0.99021,0.99848,1,0.995,0.94769,0.20293,0.3193,0.0945,0.15559,0.44539,0.00025364,0.00025364,0.00025364
443,11255.6,0.09959,0.39324,0.11421,0.09796,0.87233,0.99849,1,0.995,0.98736,0.99849,1,0.995,0.96593,0.21911,0.28262,0.0941,0.15254,0.46568,0.00024968,0.00024968,0.00024968
444,11279.5,0.10385,0.4142,0.11427,0.10169,0.87356,0.99849,1,0.995,0.9889,0.99849,1,0.995,0.96639,0.21938,0.32135,0.09464,0.14752,0.45316,0.00024572,0.00024572,0.00024572
445,11311.6,0.09674,0.40004,0.11791,0.09423,0.88028,0.9985,1,0.995,0.99065,0.9985,1,0.995,0.96867,0.19362,0.31161,0.09506,0.16456,0.43544,0.00024176,0.00024176,0.00024176
446,11337.9,0.09891,0.4072,0.10431,0.09919,0.89324,0.99852,1,0.995,0.98872,0.99852,1,0.995,0.95091,0.18841,0.34732,0.0968,0.16683,0.43864,0.0002378,0.0002378,0.0002378
447,11363,0.10122,0.37964,0.10838,0.10165,0.90022,0.99854,1,0.995,0.99021,0.99854,1,0.995,0.94893,0.21566,0.31494,0.09591,0.17019,0.46055,0.00023384,0.00023384,0.00023384
448,11386.6,0.1054,0.43796,0.11021,0.10509,0.89254,0.9985,1,0.995,0.99054,0.9985,1,0.995,0.94941,0.20005,0.35093,0.09628,0.16744,0.45029,0.00022988,0.00022988,0.00022988
449,11412.2,0.10165,0.39291,0.10878,0.09691,0.89063,0.99849,1,0.995,0.99072,0.99849,1,0.995,0.95415,0.20823,0.31672,0.09575,0.16332,0.45538,0.00022592,0.00022592,0.00022592
450,11436,0.09349,0.41555,0.11327,0.09644,0.89879,0.99852,1,0.995,0.98965,0.99852,1,0.995,0.94065,0.20642,0.31792,0.09437,0.18223,0.46292,0.00022196,0.00022196,0.00022196
451,11461.5,0.09946,0.38802,0.11232,0.09808,0.88027,0.99851,1,0.995,0.98978,0.99851,1,0.995,0.94537,0.20262,0.27791,0.09417,0.16531,0.45572,0.000218,0.000218,0.000218
452,11486.1,0.09987,0.50573,0.11047,0.09905,0.89404,0.9985,1,0.995,0.98986,0.9985,1,0.995,0.96774,0.19301,0.26337,0.09496,0.17148,0.44679,0.00021404,0.00021404,0.00021404
453,11509.7,0.09076,0.38969,0.11877,0.09514,0.88026,0.99849,1,0.995,0.99123,0.99849,1,0.995,0.96057,0.19742,0.30536,0.09641,0.15896,0.44294,0.00021008,0.00021008,0.00021008
454,11535.2,0.09468,0.40233,0.12102,0.09494,0.87945,0.99851,1,0.995,0.98967,0.99851,1,0.995,0.95116,0.1948,0.34615,0.09621,0.15492,0.44299,0.00020612,0.00020612,0.00020612
455,11558.9,0.09962,0.40982,0.11455,0.10172,0.87903,0.99851,1,0.995,0.99127,0.99851,1,0.995,0.95145,0.21082,0.30159,0.0964,0.17339,0.46029,0.00020216,0.00020216,0.00020216
456,11584.4,0.1039,0.38304,0.1099,0.10135,0.88971,0.99852,1,0.995,0.98986,0.99852,1,0.995,0.94997,0.20809,0.30919,0.0954,0.17921,0.45643,0.0001982,0.0001982,0.0001982
457,11608.8,0.0933,0.36994,0.10939,0.09549,0.8793,0.99853,1,0.995,0.9881,0.99853,1,0.995,0.95108,0.20088,0.29165,0.09461,0.186,0.44935,0.00019424,0.00019424,0.00019424
458,11632.7,0.09555,0.37654,0.11231,0.09493,0.87775,0.99852,1,0.995,0.98757,0.99852,1,0.995,0.94583,0.19958,0.30916,0.09431,0.19152,0.44274,0.00019028,0.00019028,0.00019028
459,11658.1,0.0951,0.33158,0.11066,0.09661,0.87455,0.99852,1,0.995,0.99179,0.99852,1,0.995,0.95023,0.22638,0.28451,0.09389,0.21238,0.46612,0.00018632,0.00018632,0.00018632
460,11681.8,0.09201,0.35761,0.10878,0.09504,0.8731,0.9985,1,0.995,0.99179,0.9985,1,0.995,0.94467,0.21699,0.31119,0.0936,0.20311,0.45838,0.00018236,0.00018236,0.00018236
461,11711.5,0.09518,0.37197,0.10865,0.09572,0.88042,0.99852,1,0.995,0.9917,0.99852,1,0.995,0.95744,0.20695,0.33571,0.09172,0.20043,0.44857,0.0001784,0.0001784,0.0001784
462,11735.4,0.0964,0.37377,0.11429,0.09989,0.8786,0.99852,1,0.995,0.99179,0.99852,1,0.995,0.95845,0.19964,0.3553,0.09021,0.20049,0.44304,0.00017444,0.00017444,0.00017444
463,11759.8,0.09654,0.36607,0.11016,0.09543,0.86714,0.99851,1,0.995,0.98764,0.99851,1,0.995,0.96227,0.20538,0.30891,0.09013,0.19305,0.45072,0.00017048,0.00017048,0.00017048
464,11787.1,0.09644,0.35926,0.11152,0.09723,0.88531,0.99852,1,0.995,0.98757,0.99852,1,0.995,0.96389,0.20342,0.32899,0.09201,0.18077,0.44442,0.00016652,0.00016652,0.00016652
465,11811,0.0912,0.36589,0.11153,0.09454,0.87791,0.99853,1,0.995,0.99197,0.99853,1,0.995,0.96133,0.19644,0.33274,0.09244,0.16932,0.43313,0.00016256,0.00016256,0.00016256
466,11836.5,0.09914,0.37936,0.10838,0.09525,0.88881,0.99852,1,0.995,0.98768,0.99852,1,0.995,0.9662,0.19947,0.27305,0.09149,0.16634,0.443,0.0001586,0.0001586,0.0001586
467,11860.3,0.09631,0.42549,0.10408,0.0958,0.87124,0.99852,1,0.995,0.98924,0.99852,1,0.995,0.967,0.19838,0.29489,0.0925,0.15838,0.43712,0.00015464,0.00015464,0.00015464
468,11886.3,0.09468,0.3759,0.11957,0.09699,0.89172,0.9985,1,0.995,0.99188,0.9985,1,0.995,0.95674,0.19661,0.28836,0.09272,0.17924,0.43546,0.00015068,0.00015068,0.00015068
469,11910.2,0.09488,0.41996,0.10676,0.09725,0.90008,0.99851,1,0.995,0.99151,0.99851,1,0.995,0.96481,0.18682,0.27301,0.09254,0.1658,0.42348,0.00014672,0.00014672,0.00014672
470,11934.2,0.09215,0.39147,0.11241,0.09594,0.88694,0.9985,1,0.995,0.99317,0.9985,1,0.995,0.96459,0.18382,0.27104,0.09256,0.14485,0.42276,0.00014276,0.00014276,0.00014276
471,11958,0.08888,0.35676,0.11325,0.09055,0.87971,0.99849,1,0.995,0.99314,0.99849,1,0.995,0.97408,0.18906,0.25491,0.09297,0.15332,0.43531,0.0001388,0.0001388,0.0001388
472,11983.4,0.09528,0.37183,0.10881,0.09796,0.88416,0.99852,1,0.995,0.99154,0.99852,1,0.995,0.95517,0.1984,0.26187,0.09208,0.16747,0.44382,0.00013484,0.00013484,0.00013484
473,12008.8,0.09482,0.38749,0.11288,0.09452,0.88898,0.99849,1,0.995,0.99179,0.99849,1,0.995,0.96175,0.20667,0.26035,0.09249,0.18749,0.45463,0.00013088,0.00013088,0.00013088
474,12032.5,0.09548,0.36663,0.10702,0.08865,0.89147,0.9985,1,0.995,0.9897,0.9985,1,0.995,0.96282,0.20304,0.29725,0.09299,0.18288,0.45149,0.00012692,0.00012692,0.00012692
475,12066,0.09088,0.38432,0.10899,0.08935,0.8908,0.99851,1,0.995,0.99188,0.99851,1,0.995,0.96889,0.2164,0.2775,0.09268,0.18505,0.45904,0.00012296,0.00012296,0.00012296
476,12090.2,0.09505,0.40195,0.10963,0.09387,0.88058,0.9985,1,0.995,0.99188,0.9985,1,0.995,0.95916,0.21175,0.27462,0.09209,0.19211,0.45888,0.000119,0.000119,0.000119
477,12114,0.08688,0.33425,0.10872,0.08979,0.88046,0.99852,1,0.995,0.99142,0.99852,1,0.995,0.95642,0.19923,0.31152,0.0914,0.17795,0.4449,0.00011504,0.00011504,0.00011504
478,12137.9,0.08899,0.39896,0.10702,0.08997,0.88138,0.99851,1,0.995,0.99334,0.99851,1,0.995,0.94623,0.21132,0.30317,0.09157,0.17309,0.45089,0.00011108,0.00011108,0.00011108
479,12161.8,0.0862,0.34099,0.1055,0.09112,0.89083,0.99851,1,0.995,0.99179,0.99851,1,0.995,0.95263,0.20761,0.33739,0.09105,0.17687,0.44805,0.00010712,0.00010712,0.00010712
480,12185.7,0.08672,0.32607,0.10177,0.08706,0.88274,0.9985,1,0.995,0.98986,0.9985,1,0.995,0.96438,0.20464,0.3117,0.09154,0.18672,0.44723,0.00010316,0.00010316,0.00010316
481,12212.5,0.08777,0.34444,0.111,0.0894,0.8842,0.99852,1,0.995,0.99197,0.99852,1,0.995,0.95824,0.21312,0.24505,0.09114,0.17009,0.45208,9.92e-05,9.92e-05,9.92e-05
482,12246.1,0.08381,0.36093,0.10909,0.08783,0.88181,0.99849,1,0.995,0.99024,0.99849,1,0.995,0.96497,0.2173,0.22982,0.09088,0.16496,0.46123,9.524e-05,9.524e-05,9.524e-05
483,12270.1,0.08722,0.34377,0.11425,0.0915,0.8681,0.99849,1,0.995,0.99014,0.99849,1,0.995,0.96301,0.21187,0.24174,0.09102,0.16057,0.45883,9.128e-05,9.128e-05,9.128e-05
484,12293.8,0.09076,0.35087,0.11497,0.08923,0.8745,0.99851,1,0.995,0.99197,0.99851,1,0.995,0.96419,0.2032,0.2441,0.0912,0.16343,0.44802,8.732e-05,8.732e-05,8.732e-05
485,12318.2,0.08204,0.31483,0.11006,0.08385,0.87643,0.99849,1,0.995,0.99188,0.99849,1,0.995,0.97016,0.2036,0.26248,0.09169,0.1626,0.44435,8.336e-05,8.336e-05,8.336e-05
486,12341.9,0.08778,0.34664,0.10819,0.09183,0.88272,0.99849,1,0.995,0.99334,0.99849,1,0.995,0.96084,0.1983,0.27153,0.09203,0.15149,0.43691,7.94e-05,7.94e-05,7.94e-05
487,12369.1,0.08621,0.34527,0.11251,0.09037,0.88521,0.99851,1,0.995,0.99317,0.99851,1,0.995,0.96115,0.19373,0.25962,0.09241,0.14683,0.43579,7.544e-05,7.544e-05,7.544e-05
488,12392.8,0.08773,0.34977,0.10991,0.08552,0.88376,0.99851,1,0.995,0.99172,0.99851,1,0.995,0.9749,0.19068,0.25924,0.09185,0.14731,0.43705,7.148e-05,7.148e-05,7.148e-05
489,12416.9,0.08531,0.33351,0.10383,0.08948,0.89406,0.9985,1,0.995,0.99179,0.9985,1,0.995,0.9658,0.192,0.2595,0.09079,0.14829,0.4373,6.752e-05,6.752e-05,6.752e-05
490,12442.5,0.08459,0.33062,0.10954,0.08726,0.88685,0.99849,1,0.995,0.99179,0.99849,1,0.995,0.95456,0.19614,0.27343,0.09029,0.14752,0.43853,6.356e-05,6.356e-05,6.356e-05
491,12472.8,0.08674,0.3293,0.10892,0.08773,0.88175,0.9985,1,0.995,0.99179,0.9985,1,0.995,0.96197,0.19692,0.28876,0.09057,0.15018,0.44153,5.96e-05,5.96e-05,5.96e-05
492,12497,0.08118,0.35746,0.10821,0.08519,0.87365,0.99852,1,0.995,0.99004,0.99852,1,0.995,0.95907,0.19953,0.30685,0.0915,0.15306,0.44904,5.564e-05,5.564e-05,5.564e-05
493,12520.9,0.08375,0.34733,0.10374,0.0888,0.87567,0.99851,1,0.995,0.98996,0.99851,1,0.995,0.96572,0.20029,0.29771,0.09128,0.15576,0.44778,5.168e-05,5.168e-05,5.168e-05
494,12544.7,0.09245,0.30749,0.10404,0.08946,0.87555,0.99851,1,0.995,0.9916,0.99851,1,0.995,0.96447,0.19821,0.29775,0.09067,0.16218,0.44348,4.772e-05,4.772e-05,4.772e-05
495,12568.6,0.08902,0.36467,0.10769,0.09148,0.88735,0.99851,1,0.995,0.9916,0.99851,1,0.995,0.96193,0.19421,0.3097,0.09039,0.16345,0.4399,4.376e-05,4.376e-05,4.376e-05
496,12594.2,0.08324,0.3333,0.10315,0.08759,0.89034,0.99851,1,0.995,0.99151,0.99851,1,0.995,0.95677,0.19257,0.30757,0.09069,0.16294,0.43579,3.98e-05,3.98e-05,3.98e-05
497,12621.1,0.08246,0.32881,0.10287,0.08462,0.88138,0.99851,1,0.995,0.99151,0.99851,1,0.995,0.96259,0.18885,0.3068,0.09083,0.1619,0.43475,3.584e-05,3.584e-05,3.584e-05
498,12645,0.08496,0.33745,0.11286,0.08935,0.89038,0.99851,1,0.995,0.99142,0.99851,1,0.995,0.9686,0.19388,0.28584,0.0909,0.16124,0.43696,3.188e-05,3.188e-05,3.188e-05
499,12668.7,0.0851,0.30668,0.09441,0.08649,0.87705,0.9985,1,0.995,0.99115,0.9985,1,0.995,0.96309,0.19581,0.27159,0.091,0.16029,0.43966,2.792e-05,2.792e-05,2.792e-05
500,12692.6,0.08905,0.34165,0.10786,0.09049,0.87678,0.9985,1,0.995,0.99115,0.9985,1,0.995,0.96223,0.19814,0.27926,0.09102,0.15893,0.44162,2.396e-05,2.396e-05,2.396e-05
